filename,title,@creator,location,exact_spot,intimacy_level,date_stamp,daytime_icon,rawness_percent,BLIP_description,artistic_description,keywords,keyword_confidences,vibe,context
image1,Two Dolls in Study,@pink_flamingo,-,toilet,14,-,☀️,0.97,-,"a of two dolls, one wearing a shirt and the other wearing shorts",shorts; wearing; shirt; bodies; models; perfume; dolls; children; anatomy; heads; couple,0.7346; 0.7339; 0.7176; 0.2832; 0.2722; 0.2691; 0.2648; 0.2644; 0.2622; 0.2604; 0.2602,serene,Created it after a bee hovered over my coffee for too long
image10,Beneath the Birds,@stellar_wind,"Montreal, Canada",during traffic in my car,5,Third week of lockdown,🍷,0.52,-,two birds perched on a branch with yellow flowers,branch; flowers; birds; inkjet; bird; prints; painted; pair; preliminary; ecuador,0.7368; 0.7333; 0.2722; 0.2602; 0.258; 0.2555; 0.2541; 0.2531; 0.2526; 0.2523,warm,Created it while staring at my neighbor's cat through the window
image104,Ode to the Apple and Orange,@enigmatic_smile,"Montreal, Canada",kitchen table,11,Winter of '98,🍷,0.61,-,"an apple and an orange with the word ""love"" written on them",apple; orange; word; agricultural; agriculture; gras; plants; plant; vegetables; vegetable; peas,0.7371; 0.7023; 0.6857; 0.2897; 0.2838; 0.2734; 0.2725; 0.272; 0.2698; 0.2696; 0.268,warm,Sketched it while half-asleep on a yoga mat
image105,Shadows on the Inflatable,@kunzite_dawn,"Oaxaca, Mexico",attic room,13,First week of college,🍝,0.58,-,two people sitting on an inflatable duck in the water,water; google; animals; dogs; msn; pets; orgy; duck; seal,0.7088; 0.2807; 0.2744; 0.2715; 0.2708; 0.2684; 0.2668; 0.2607; 0.2606,mysterious,Painted it after watching an ant carry a crumb twice its size
image106,Ode to the Purple Monster,@orange_sunset,"Paris, France",train window seat,7,Winter break,-,0.92,-,a of a purple monster with yellow eyes and green leaves,monster; eyes; leaves; vegetable; produce; fruit; fig; onion; defend; vegetables; fruits,0.7409; 0.7177; 0.7137; 0.292; 0.2836; 0.2825; 0.2815; 0.2787; 0.276; 0.2755; 0.2715,cool,Made it while half-watching a movie I've seen 17 times
image107,Shadows of the Woman in White,-,"Chefchaouen, Morocco",in bed at midnight,15,On my sister's wedding day,🍷,0.61,-,a black and white of a woman's face,face; sudan; ana; diana; lady; belle; marina; carmen; jane,0.7486; 0.2713; 0.2682; 0.2658; 0.2647; 0.263; 0.2623; 0.2622; 0.2606,neutral,Drawn while wearing two different socks and feeling rebellious
image109,Ode to Many Things,@turquoise_sea,"Reykjavík, Iceland",during traffic in my car,5,Winter of '98,-,0.72,-,"a variety of items, including a woman in a blue dress, a dog, and a cat",items; variety; dress; blues; blue; objects; inventory; stamps; draws; symbols; shapes,0.7595; 0.7383; 0.7139; 0.2866; 0.2798; 0.2748; 0.2701; 0.2693; 0.2691; 0.269; 0.2686,melancholic,Made it while sitting on the bathroom counter brushing my teeth
image11,Homage to the Woman with Red Hair,@left_field,"Siwa Oasis, Egypt",during traffic in my car,5,Before the big storm,-,0.87,-,a of a woman with red hair,hair; shirt; memorabilia; drawn; tee; reprints; prints; printed; sample,0.7131; 0.2631; 0.2596; 0.2592; 0.2586; 0.2584; 0.2582; 0.2581; 0.2576,warm,Created it while waiting for my sourdough to rise
image111,Tennis Player,@aurora_borealis,"Berlin, Germany",bus seat,4,The festival weekend,🌙,0.67,-,a tennis player hitting the ball,ball; player; runner; running; tennis; exercise; paint; performer; marathon,0.729; 0.7252; 0.2821; 0.2775; 0.2699; 0.2635; 0.262; 0.26; 0.2592,mysterious,Made it while chewing gum and pacing the hallway
image112,Dreaming of the Shetland Collie,@hidden_gem,"Marrakesh, Morocco",in bed at midnight,15,Night of the eclipse,🍷,0.9,-,"collie, collies, shetland sheepdog",collie; collies; sheepdog; shetland; lion,0.7886; 0.781; 0.7628; 0.7122; 0.3034,serene,Painted it after chasing my cat around the kitchen
image114,Red Scissors Dream,@opal_dream,"Luang Prabang, Laos",toilet,14,Worst birthday I've ever had,🌙,0.72,-,"a pair of scissors, a red marker, and a of with the word 'scissors' written on it",scissors; pair; marker; word; signature; signatures; branch; branches; pins; nodes; sticks; variation,0.7721; 0.7575; 0.7426; 0.6828; 0.3; 0.2896; 0.2775; 0.2759; 0.2758; 0.2744; 0.2717; 0.2707,warm,Created it in the car wash while the brushes slammed the windows
image116,Scallop Shell and Red Dots,@quartz_crystal,"New Orleans, USA",museum hallway,12,Early morning in August,☀️,-,-,a scallop shell with red dots,scallop; dots; shell; fossil; geological; diagram; segment; distribution; internal; cardiovascular,0.798; 0.7103; 0.2841; 0.2818; 0.2803; 0.2801; 0.2788; 0.2786; 0.2773; 0.277,warm,Created it with one hand while holding a melting ice cream cone
image117,Four Creatures,@transcendent_moment,"Tiberias, Israel",train window seat,7,Full moon in March,-,0.67,-,"a dog, cat, bird and butterfly",dog; butterfly; bird; stickers; animals; cats; stamps; pets; sticker; worldcat; dogs,0.7661; 0.7138; 0.7119; 0.2938; 0.2896; 0.2884; 0.286; 0.2774; 0.2773; 0.2773; 0.2772,mysterious,"Created it after spilling tea on my sketchbook and deciding it was ""part of the art"""
image121,Beneath the Spider,@sapphire_blue,-,bus seat,4,Midnight in April,-,0.6,-,a of a spider and an insect,insect; creatures; insects; organisms; spider; antibodies; bugs; species,0.7573; 0.2888; 0.2783; 0.2771; 0.2696; 0.2675; 0.2672; 0.2633,neutral,Made it after reading half a book and forgetting the plot
image122,Grasshopper Shadows,@inside_out,"Reykjavík, Iceland",train window seat,7,Day after graduation,-,0.76,-,a grasshopper and an insect,insect; grasshopper; insects; brochure; flyer; bugs; restoration; publication; species,0.7682; 0.7493; 0.2689; 0.2644; 0.2637; 0.2539; 0.25; 0.25; 0.2499,mysterious,Painted it on the floor using the wrong brush on purpose
image124,Green Vase Whispers,@amethyst_sky,"Marrakesh, Morocco",balcony at sunset,10,Winter of '98,-,-,-,a green plant in a vase,vase; plant; verde; cell; bottle; tee; shirt; textile; printed,0.7941; 0.7526; 0.2747; 0.2732; 0.2698; 0.2663; 0.2629; 0.2608; 0.2597,cool,Sketched it while sitting on the curb eating chips at midnight
image129,Woman in Hat,@asteroid_belt,"Dead Sea, Israel",train window seat,7,Middle of summer,-,0.54,-,a woman wearing a hat,hat; shoulder; profile; reconstruction; neck; lid; outline; hats,0.2829; 0.2754; 0.2692; 0.2686; 0.2676; 0.2673; 0.2672; 0.2659,serene,Painted it sitting on a warm rock by the gas station
image130,Woman with Earrings,@golden_hour,"Montreal, Canada",office desk corner,9,During the blackout,🍝,0.55,-,a woman wearing earrings,earrings; portrait; ana; portraits; icon; avatar; vector; ranger,0.7322; 0.2618; 0.2602; 0.2572; 0.2565; 0.2541; 0.254; 0.2524,neutral,Made it after my phone froze mid-song and I got stuck in silence
image131,"Leaves, Branches, Snowflakes",@aquamarine_wave,"Paris, France",during traffic in my car,5,Last June,☕,0.77,-,"leaves, branches, and snowflakes in a blue sky",snowflakes; branches; sky; blue; leaves; leaf; plant; pine; vegetation; seasons; plants; branch,0.7587; 0.752; 0.7124; 0.6979; 0.2867; 0.284; 0.2805; 0.2784; 0.2689; 0.267; 0.2644; 0.263,melancholic,Created it after spilling an entire cup of water on my shoes
image133,Woman in Headscarf,@creative_spirit,"Oaxaca, Mexico",beach,6,One rainy afternoon,🍷,0.59,-,a woman wearing a headscarf,headscarf; sudan; ana; study; portrait; worker; arab; civilian,0.8139; 0.2739; 0.2672; 0.2624; 0.2595; 0.2592; 0.2587; 0.257,serene,Painted it during an uncomfortable video call with my dentist
image134,Potted Plant on a Small Table,@crystal_echo,"Paris, France",toilet,14,Night of the eclipse,🍝,0.75,-,a potted plant on a small table,table; pine; plant; florist; winter; plants; florists; decorative; decorating,0.7583; 0.2772; 0.2759; 0.2719; 0.2717; 0.2713; 0.267; 0.2658; 0.2658,mysterious,Made it in between arguing with my brother and eating cereal
image137,Oranges in a Bowl,@quiet_night,"Amsterdam, Netherlands",kitchen table,11,Winter break,🍝,0.84,-,oranges in a bowl,bowl; oranges; potatoes; potato; bread; foods; recipes; cookies; yeast; tomato,0.7647; 0.7631; 0.2969; 0.2818; 0.2746; 0.2714; 0.2709; 0.2681; 0.2681; 0.268,warm,Created it right after finding a dead moth in my notebook
image138,Ink and Gouache,@zen_garden,"Rome, Italy",attic room,13,An endless Sunday,🍷,0.7,Found an old notebook and sketched over my old school notes,"ink, and gouache on",gouache; ink; abstracts; colors; color; markers; acrylic; layer; abstract; oils,0.7839; 0.7436; 0.2732; 0.2719; 0.2678; 0.2676; 0.2673; 0.267; 0.2663; 0.2647,neutral,Found an old notebook and sketched over my old school notes
image14,Lemon,@golden_hour,"Safed, Israel",balcony at sunset,10,Midnight in April,🍝,0.98,-,a lemon and a of,lemon; pieces; piece; circular; lid; circle; fraction; geo,0.7503; 0.2757; 0.2736; 0.2729; 0.2689; 0.2649; 0.2647; 0.2632,mysterious,Made it while listening to the hum of my fridge too closely
image150,Tall White Column,@brown_bear,"Venice, Italy",museum hallway,12,An endless Sunday,-,0.79,-,a tall white column in the middle of a room,middle; room; pole; column; cylinder; wall; aluminium; scale; lcd; columns,0.7407; 0.7295; 0.2934; 0.2898; 0.2709; 0.2695; 0.267; 0.2645; 0.264; 0.2632,neutral,-
image156,Woman Walking in Field with Car,@shallow_waters,"Acre, Israel",bus seat,4,First week of college,🍷,0.88,-,a woman walking in a field and a car in the,field; car; gardening; lawn; farming; yard; picking; farmer; garden; childhood,0.7495; 0.6945; 0.2571; 0.255; 0.2536; 0.2531; 0.2524; 0.2514; 0.2513; 0.2505,neutral,-
image159,Black and White Two,@divine_light,"Berlin, Germany",kitchen table,11,Halloween night,-,0.63,-,a black and white of two people on horseback,horseback; stamp; correspondence; kidney; stanley; teddy; charity; copies; montgomery,0.7125; 0.2641; 0.2615; 0.261; 0.2599; 0.2592; 0.2591; 0.259; 0.2585,neutral,-
image16,Lemon Slice with Hole,@soft_whisper,"Venice, Italy",during traffic in my car,5,First week of college,🌙,0.91,-,"a lemon slice, a of and a hole in the middle of it",slice; hole; middle; pour; egg; piece; lid; sun; surfaces; letter,0.7515; 0.736; 0.7242; 0.2668; 0.2638; 0.2607; 0.2607; 0.2583; 0.2582; 0.2577,serene,-
image164,Black and White Circle,@blue_moon,"Samarkand, Uzbekistan",train window seat,7,Before the big storm,☀️,0.53,-,a black and white of a circular pattern,pattern; circles; dot; stars; molecules; eclipse; particle; rings; cluster,0.7189; 0.2718; 0.2614; 0.2588; 0.2556; 0.2539; 0.2527; 0.252; 0.2497,neutral,-
image173,Unicorn with Knife and Scissors,@amber_glow,"Valparaíso, Chile",museum hallway,12,Blue hour in January,☕,0.93,-,"a of a unicorn, a knife, and scissors",scissors; knife; rabbit; bishop; pope; cross; bunny; antibody; animation,0.73; 0.7291; 0.2753; 0.2599; 0.2597; 0.2596; 0.2592; 0.2586; 0.2577,mysterious,-
image175,Woman Doing Handstand,@kunzite_dawn,"New Orleans, USA",attic room,13,15/05/23,☕,0.74,-,a of a woman doing a handstand,handstand; bat; preliminary; process; stretch; dive,0.7685; 0.2715; 0.2687; 0.2671; 0.2663; 0.2662,mysterious,-
image186,Black and White Woman,@purple_haze,"New Orleans, USA",attic room,13,Winter of '98,-,0.54,-,a black and white of a woman in a dress,dress; elegant; lady; bridal; designs; costume; tribal; traditional; victorian,0.763; 0.2749; 0.2729; 0.2725; 0.2719; 0.2683; 0.2677; 0.2675; 0.2637,neutral,-
image200,Screenshot of iPad App,@tranquil_forest,"Chefchaouen, Morocco",museum hallway,12,Blue hour in January,🍷,0.54,-,a screenshot of the ipad app,screenshot; app; ipad; posters; postcards; influences; designing; backgrounds; stickers; catalogs,0.7315; 0.7121; 0.6996; 0.2639; 0.2569; 0.2529; 0.252; 0.2494; 0.2489; 0.2486,serene,-
image202,"Table, Chair, and Doll",@lost_art,"Rome, Italy",balcony at sunset,10,Summer solstice,-,0.77,-,"a table, chair, and a doll sitting on the table",chair; doll; table; chef; santa; desk; furniture; coordinator; granny; rehabilitation,0.7229; 0.69; 0.2379; 0.237; 0.2365; 0.2357; 0.2327; 0.2324; 0.2312; 0.2305,serene,-
image203,Different Types of Shapes,@spinel_heart,"Dead Sea, Israel",in bed at midnight,15,Just before sunrise,-,0.72,-,the different types of shapes that can be drawn,types; designing; templates; configurations; macromedia; sequences; designs; shapes,0.7373; 0.2695; 0.2678; 0.2659; 0.2589; 0.2578; 0.2568; 0.2568,neutral,-
image207,Patterned Flower,@green_tea,"Eilat, Israel",during traffic in my car,5,The day the power went out,🍝,-,-,a patterned and an of a flower,flower; plants; leaves; trees; printing; templates; crafts; branches,0.7299; 0.2671; 0.2667; 0.2609; 0.2602; 0.2577; 0.2575; 0.2569,serene,-
image211,Letters and Daisy Lane Mannequin,@morganite_blush,"Tiberias, Israel",attic room,13,The hottest day of the year,-,0.93,-,"the letters daisy, lanne, manne, mx, bxl, and croro jaloux",jaloux; letters; bxl; croro; names; alias; labels; xml; exclude; diameter; name; label,0.7689; 0.7459; 0.7386; 0.7237; 0.2672; 0.2654; 0.2627; 0.2599; 0.2599; 0.2596; 0.2581; 0.2578,serene,-
image212,"Red, Yellow, Blue, Green",@midnight_owl,"Mitzpe Ramon, Israel",toilet,14,Autumn equinox,🍷,0.94,-,"red, yellow, blue, green, and black",acrylic; abstract; painted; abstracts; paint; piece; sold; oils,0.288; 0.2827; 0.2794; 0.2782; 0.2757; 0.274; 0.2722; 0.2716,warm,-
image215,Spider on Wall with Person,@ambient_sound,"Hallstatt, Austria",attic room,13,My last day at work,-,-,-,a of a spider on a wall and a person lying on the floor,spider; person; wall; floor; mechanics; anatomy; study; loss; biology,0.7556; 0.7422; 0.7398; 0.7324; 0.2738; 0.27; 0.2696; 0.2692; 0.2669,serene,-
image216,Black and White Insect,@creative_spirit,"Chefchaouen, Morocco",office desk corner,9,Autumn equinox,🍷,0.79,-,"a black and white of an insect on the wall, with a purple and green alien in the foreground",alien; insect; foreground; purple; arrow; wall; split; connections; rabbit; influences; inkjet; poison,0.7281; 0.7213; 0.7186; 0.7014; 0.2555; 0.2495; 0.2467; 0.2457; 0.2455; 0.2449; 0.2446; 0.2439,cool,-
image217,Woman with Blue Hair,@calm_ocean,"Marrakesh, Morocco",bus seat,4,The day we met,☀️,0.5,-,a of a woman with blue hair,hair; aboriginal; portrait; portraits; seller; acrylic; solomon; mali,0.7114; 0.2596; 0.2569; 0.2504; 0.2488; 0.2488; 0.2472; 0.2455,melancholic,-
image222,Interior of Restaurant,@spinel_heart,"Haifa, Israel",during traffic in my car,5,Night of the eclipse,🍷,0.84,-,the interior of a restaurant,restaurant; interior; tables; chairs; classroom; offices; furniture; desk; restaurants; furnishings,0.7418; 0.6824; 0.2678; 0.2611; 0.2592; 0.2586; 0.2511; 0.2507; 0.2467; 0.2464,neutral,-
image224,Graphics,@chrysoprase_meadow,"Venice, Italy",park bench,3,31/12/07,☕,-,-,and graphics,graphics; experiences; sentences; experience; dependence; chances; existence; determines; circumstances,0.7143; 0.2768; 0.2749; 0.2664; 0.2657; 0.2633; 0.2626; 0.2619; 0.2607,neutral,-
image227,Mermaid Girl Logo,@center_stage,"Budapest, Hungary",during traffic in my car,5,Blue hour in January,🌙,0.85,-,the mermaid girl logo in adobe illustrator,mermaid; adobe; logo; girl; designing; preview; invitations; designs; rendering; thumbnail; streaming; macromedia,0.796; 0.7399; 0.7104; 0.6765; 0.2669; 0.2637; 0.2629; 0.2607; 0.2593; 0.2575; 0.257; 0.2542,serene,-
image231,Woman’s Face with Words,@velvet_storm,"Nazareth, Israel",attic room,13,First week of college,🍝,0.8,-,an of a woman's face and the words 't' and 'hg,face; interfaces; graphic; vertex; blogs; sequences; abstracts,0.7351; 0.2482; 0.2479; 0.2459; 0.2452; 0.2452; 0.2449,mysterious,-
image236,T‑Shirt,@deep_thoughts,"Haifa, Israel",in bed at midnight,15,Middle of summer,🍝,0.66,-,a t - shirt with the words carhartt work in progress on it,shirt; work; progress; sustainability; cashiers; recycling; nonprofit; workforce; ira; cargo; organisations,0.747; 0.7359; 0.7339; 0.2689; 0.2684; 0.2679; 0.2657; 0.2645; 0.2637; 0.2631; 0.2608,serene,-
image237,Glass Desk with Two Stools,@cosmic_dance,"Tiberias, Israel",during traffic in my car,5,21/09/99,☕,0.64,-,a glass desk with two stools and a lamp,stools; glass; lamp; table; desk,0.7552; 0.7478; 0.7362; 0.3063; 0.3046,mysterious,-
image241,Black and White Logo,@overhead_light,"Jaffa, Israel",beach,6,First snow of 2012,🌙,0.96,-,a black and white logo with the letters gs,letters; logo; usr; src; sig; asn; scsi; res; rss; sys,0.7419; 0.7405; 0.2836; 0.2714; 0.268; 0.2664; 0.2664; 0.2658; 0.2657; 0.2651,neutral,-
image242,Beyond This Point,@emerald_city,"Goa, India",beach,6,New Year's Eve 2010,🍝,0.86,-,the word 'beyond this point' in black and white,point; word; boundary; points; yield; tend; rebound; bound; pointed; beyond,0.7546; 0.7193; 0.2706; 0.2699; 0.268; 0.2672; 0.2656; 0.2653; 0.2652; 0.2645,neutral,-
image244,Bear Turning Its Head,-,"Rosh Hanikra, Israel",toilet,14,My last day at work,☀️,0.82,-,a of a bear with its head in the air,head; air; lion; bears; bear; lions; scanned; pig; rat; beaver,0.7409; 0.7299; 0.2794; 0.2774; 0.2774; 0.2725; 0.2705; 0.2701; 0.2694; 0.2676,mysterious,-
image250,Two Spheres,@fantasy_realm,"Dead Sea, Israel",during traffic in my car,5,Winter break,☕,0.82,-,two spheres that are connected by lines,spheres; lines; interfaces; web; partnerships; networks; cyber; spatial; sphere; structures,0.7612; 0.7103; 0.2566; 0.2562; 0.2483; 0.2459; 0.2455; 0.2454; 0.2448; 0.2447,serene,-
image254,Flower on Beach with Person Lying,@nomadic_heart,"Barcelona, Spain",beach,6,Just before sunrise,-,0.76,-,"a flower, a beach, and a person laying on the ground",flower; ground; person; beach; albums; vessels; seasons; album; varied; influences; bloom; publications,0.7314; 0.7015; 0.692; 0.6911; 0.2713; 0.2635; 0.2589; 0.2574; 0.2572; 0.2569; 0.2558; 0.2546,serene,-
image257,Different Types of Crabs,@right_side_up,"Valparaíso, Chile",bus seat,4,My last day at work,☀️,0.97,-,different types of crabs and lobsters,lobsters; crabs; types; insects; organisms; seafood; biodiversity; catalog; species; creatures; bugs,0.7765; 0.7761; 0.7441; 0.2889; 0.2883; 0.2801; 0.2772; 0.2752; 0.2741; 0.2727; 0.2682,mysterious,-
image258,"Chair, Stool, and Table",-,"Nara, Japan",metro station,2,The festival weekend,☀️,0.56,-,"a chair, a stool, and a table",stool; tables; font; bar; chairs; furniture; table; chair; classifieds,0.7665; 0.2896; 0.2874; 0.2826; 0.2821; 0.2754; 0.2731; 0.2716; 0.2695,neutral,-
image259,Pair of Wooden Puppets,@shallow_waters,"Jerusalem, Israel",park bench,3,Autumn equinox,-,-,-,"a pair of puppets on a wooden table, with one puppet holding a knife and the other holding scissors",puppets; puppet; pair; table; hands; handjobs; hand; handed; handling; crafts; handmade; fingers,0.767; 0.74; 0.7204; 0.7098; 0.2776; 0.2704; 0.2623; 0.2575; 0.2574; 0.2564; 0.2561; 0.2547,serene,-
image260,Bear and Dog,@arcane_symbol,"Bariloche, Argentina",during traffic in my car,5,Autumn equinox,☀️,0.96,-,a of a bear and a dog,bear; dog; pda; throat; thumbnail; oral; kissing; sucking; licking; bite,0.7213; 0.7164; 0.2725; 0.2716; 0.2715; 0.2698; 0.2686; 0.2673; 0.267; 0.265,serene,-
image265,Rocket on the Ground,@gentle_breeze,"Barcelona, Spain",beach,6,-,🍝,0.74,-,a of a rocket on the ground,rocket; ground; missile,0.794; 0.7278; 0.3114,neutral,-
image267,Letters of the Alphabet,@magenta_rose,"Jaffa, Israel",during traffic in my car,5,The day we met,☀️,0.81,-,the letters of the alphabet in different styles,alphabet; styles; fonts; letters; arabic; ascii; dad; ada; letter; pdf,0.8072; 0.7332; 0.2975; 0.2931; 0.29; 0.2864; 0.2837; 0.2833; 0.2833; 0.2777,neutral,-
image27,Head with Snake,@mystical_path,"Toronto, Canada",kitchen table,11,One rainy afternoon,☀️,1.0,-,the head of a snake with its mouth open,snake; biological; head; stomach; creatures; horn; creature; fossil; mouth,0.7347; 0.2473; 0.2457; 0.243; 0.2413; 0.2408; 0.2407; 0.2394; 0.2382,mysterious,-
image270,Black and White Squares,@velvet_storm,"Caesarea, Israel",kitchen table,11,First week of college,☀️,0.53,-,black and white squares with a cat in the middle,squares; middle; poster; puzzles; quilt; abstracts; puzzle; inkjet; crossword; pieces,0.7402; 0.7142; 0.2561; 0.2556; 0.2513; 0.2503; 0.25; 0.249; 0.2482; 0.2462,neutral,-
image272,"House, Barn, and Shed",-,"Ubud, Indonesia",during traffic in my car,5,Worst birthday I've ever had,☕,0.72,-,"a house, a barn, and a shed",house; barn; mechanisms; semiconductor; mechanics; mechanical; constraints; specification; graphs; mysql,0.7347; 0.732; 0.2706; 0.2702; 0.2676; 0.2673; 0.2666; 0.2665; 0.2653; 0.2644,serene,-
image275,Chinese Zodiac Sign,@blue_moon,"Amsterdam, Netherlands",in bed at midnight,15,Winter of '98,🍝,0.67,-,"the chinese zodiac sign for the year of the tiger, a red and the words happy new year",year; sign; zodiac; tigers; annual; yearly; tiger; card; greeting; mardi; postcard,0.7374; 0.6951; 0.6904; 0.244; 0.2427; 0.2404; 0.2362; 0.2357; 0.2336; 0.2324; 0.2317,warm,-
image277,Man Sitting on Ground,@overhead_light,"Valparaíso, Chile",office desk corner,9,Autumn equinox,☀️,0.68,-,a man sitting on the ground with a cigarette in his mouth,mouth; ground; cigarette; smoking; smoke; lung; tobacco; cigarettes; joint,0.7382; 0.7233; 0.2835; 0.2783; 0.2757; 0.2714; 0.2683; 0.2653; 0.2629,serene,-
image279,Notice: May Not Be,@black_cat,"Tel Aviv, Israel",bus seat,4,Middle of summer,☕,0.87,-,a notice and may not be used without permission of the holder,notice; permission; holder; eco; ecological; exclude; ecology; existed; erotic; flyer; encyclopedia,0.7147; 0.6896; 0.6629; 0.2982; 0.2822; 0.2806; 0.276; 0.2759; 0.2707; 0.2693; 0.2691,serene,-
image28,Spiral Made of Squares,@galaxy_whisper,"Jerusalem, Israel",in bed at midnight,15,The festival weekend,🌙,0.8,-,a spiral made up of squares,spiral; squares; debian; circular; circle; circles; node; criterion; macromedia; generated,0.7776; 0.7447; 0.2967; 0.2906; 0.285; 0.2825; 0.2755; 0.2742; 0.2725; 0.272,mysterious,-
image280,Water Lilies and Lotus Flowers,@morganite_blush,"Masada, Israel",toilet,14,Day after graduation,-,0.74,-,"water lilies, lotus flowers, and other flowers",lilies; lotus; water; stamps; catalogue; catalog; editions; sequences; pages; scanning; flowers,0.7504; 0.7408; 0.6915; 0.2692; 0.2634; 0.2584; 0.2559; 0.2559; 0.2545; 0.254; 0.2537,serene,-
image281,Egg Falling from Above,@amethyst_sky,"Haifa, Israel",in bed at midnight,15,Early morning in August,🍝,-,-,an egg falling from the top of a tall building,building; top; brochure; sphere; egg; solaris; tower; ibm; acm; telecom,0.7614; 0.7311; 0.2754; 0.2718; 0.2711; 0.2708; 0.2693; 0.2686; 0.2663; 0.2659,serene,-
image286,Polar Bear and Her Cubs,@chrysoprase_meadow,"Marrakesh, Morocco",balcony at sunset,10,After the last train,🌙,-,-,a polar bear and her cubs,bear; cubs; bears,0.7896; 0.7638; 0.3088,serene,-
image290,Frog Standing in Front,@peridot_leaf,"Prague, Czech Republic",metro station,2,New Year's Eve 2010,-,0.92,-,a frog standing in front of an open door,door; standing; frog; front; builder; farmer; arnold; artist; sold; cowboy; worker; painted,0.7373; 0.723; 0.7176; 0.7014; 0.2586; 0.2544; 0.2531; 0.2477; 0.246; 0.2458; 0.2446; 0.2434,mysterious,-
image293,Poem Written with Person,@emerald_city,"Pingyao, China",park bench,3,The day we met,🍝,-,-,a poem written by person,person; poem; excerpt; annotation; transcription; transcript; translation; respondent; indexed; translations,0.703; 0.6984; 0.2555; 0.2487; 0.2443; 0.2438; 0.2425; 0.2412; 0.2403; 0.2399,serene,-
image295,Japanese Kimono in Blue,@mystical_path,"Siwa Oasis, Egypt",museum hallway,12,An endless Sunday,🍝,0.55,-,a japanese kimono in blue and white,kimono; cloth; defence; uni; defend; uniform; defense; japan,0.7783; 0.2746; 0.2727; 0.2712; 0.2672; 0.2649; 0.2627; 0.261,melancholic,-
image297,Building with Green Doors,@cyan_sky,"Reykjavík, Iceland",kitchen table,11,The week before moving out,☀️,0.57,-,a building with green doors and windows,building; openings; installations; doors; hostels; windows; lightbox; workshops; installation,0.7282; 0.2695; 0.2661; 0.2655; 0.2635; 0.2632; 0.2616; 0.2595; 0.2583,whimsical,-
image30,Group of People Standing,@topaz_star,"Reykjavík, Iceland",office desk corner,9,On my sister's wedding day,🍝,0.9,-,a group of people standing in front of a door,group; door; front; bookmarks; circus; costumes; mime; postcards; postcard; themselves; bookmark,0.7505; 0.7129; 0.7124; 0.2761; 0.2714; 0.2668; 0.2661; 0.266; 0.2649; 0.264; 0.2613,neutral,-
image303,Mermaid and Octopus,@sapphire_blue,"Hallstatt, Austria",office desk corner,9,During the blackout,☀️,0.53,-,a of a mermaid and an octopus,mermaid; octopus; comics; cartoons; modes; goods; mpegs; annotated,0.7183; 0.6803; 0.2577; 0.2537; 0.2513; 0.2485; 0.2481; 0.2472,serene,-
image304,Three Children and a Dog,@aquamarine_wave,"Nara, Japan",train window seat,7,Early morning in August,-,0.87,-,three children and a dog,children; dog; portraits; markers; crop; teens; study,0.74; 0.6893; 0.2528; 0.2471; 0.2468; 0.2447; 0.2443,neutral,-
image305,Cat Sleeping on Table,@infinite_loop,"Haifa, Israel",during traffic in my car,5,Winter of '98,🌙,0.64,Scribbled it during a Zoom meeting I should've paid attention to,a cat sleeping on a table next to a potted plant,plants; arrangement; indoor; plant; veterinary; apartment; nursery,0.2703; 0.2688; 0.2681; 0.2675; 0.2669; 0.2628; 0.2628,neutral,Scribbled it during a Zoom meeting I should've paid attention to
image308,Intriguing Visual Composition,@hidden_gem,"Zanzibar, Tanzania",train window seat,7,Middle of summer,-,0.62,-,An intriguing visual composition with distinctive artistic elements.,visual; composition; artistic,0.5; 0.4; 0.3,mysterious,-
image31,Group of People on Tile,@center_stage,"Folegandros, Greece",during traffic in my car,5,Day after graduation,☕,0.95,"Sitting in traffic, I started creating on my phone",a group of people on a tile floor,group; floor; tile; poster; frontpage; annotated; flyer; composite; annotation; brochure; newsletter,0.7227; 0.6945; 0.6869; 0.2472; 0.2423; 0.2381; 0.2366; 0.2349; 0.2346; 0.2339; 0.2322,mysterious,"Sitting in traffic, I started creating on my phone"
image311,Two Men Sitting on Couch,@lunar_tide,-,office desk corner,9,First snow of 2012,☀️,0.87,-,two men sitting on a couch,couch; men; audience; lectures; lecture; readers; counseling; sofa,0.7662; 0.7404; 0.2823; 0.2731; 0.269; 0.2687; 0.2672; 0.2659,mysterious,-
image32,Collage with Ink,@infinite_loop,"Goa, India",balcony at sunset,10,The day we met,☀️,0.97,-,"collage, and ink on",ink; collage; virus; rendered; piece; heart; acrylic; iron; preliminary; card,0.7424; 0.7383; 0.2692; 0.2645; 0.2636; 0.2628; 0.2627; 0.2625; 0.2623; 0.2613,warm,-
image320,Woman with Long Hair and Flower,@feeling_tone,"Chefchaouen, Morocco",attic room,13,Night of the eclipse,🍝,0.92,Painted on a napkin during lunch break,a woman with long hair and a flower in her hair,hair; flower; diana; belle; renaissance; helena; angel; concord; jane; pale,0.7357; 0.7058; 0.2796; 0.2777; 0.2733; 0.2628; 0.2623; 0.2612; 0.2608; 0.2606,mysterious,Painted on a napkin during lunch break
image332,Carhartt Fall/Winter Collection,@meditation_room,"Oaxaca, Mexico",in bed at midnight,15,The week before moving out,☕,0.6,-,carhartt's fall/winter collection,carhartt; fallwinter; collection; acne; apparel; editorials; uniform; fleece; medline; supreme; herbs,0.7641; 0.7246; 0.706; 0.2762; 0.2527; 0.2519; 0.2516; 0.2504; 0.2503; 0.2498; 0.2495,serene,-
image336,Interior of Building,@back_story,"Cusco, Peru",museum hallway,12,31/12/07,🍷,0.73,-,the interior of a building with a large object in the middle,object; building; middle; interior; manufacturing; manufacture; modules; printing; cylinder; polymer; generators; manufacturers,0.725; 0.7062; 0.7055; 0.6925; 0.2597; 0.2548; 0.2535; 0.2512; 0.2497; 0.2488; 0.2448; 0.2444,neutral,-
image337,Woman’s Face Reflected in Water,@pink_flamingo,"Kibbutz Ein Gedi, Israel",in bed at midnight,15,31/12/07,🍝,0.53,-,a woman's face reflected in water,face; poster; rivers; water; swim; scanned; latitude; waters; peripheral,0.7347; 0.2602; 0.256; 0.2558; 0.2529; 0.2523; 0.2512; 0.251; 0.2501,serene,-
image340,Alien with Red Eyes,@artistic_soul,"Jaffa, Israel",bus seat,4,Night of the eclipse,🌙,0.8,-,a of an alien with red eyes,eyes; eye; inkjet; alien; untitled; perry; fish; patient; eyed,0.7504; 0.2751; 0.2634; 0.2626; 0.2625; 0.2615; 0.2615; 0.261; 0.2603,warm,-
image352,Two Women Kissing,@nomadic_heart,"Kathmandu, Nepal",toilet,14,Worst birthday I've ever had,🌙,0.91,-,two women kissing each other,women; kissing; lovers; detail; passion; oils; morrison; intimate; vulnerability,0.7313; 0.2678; 0.2578; 0.2553; 0.2546; 0.2532; 0.2529; 0.2504; 0.25,serene,-
image353,Cup of Coffee and Book,@spiritual_journey,"Athens, Greece",metro station,2,The festival weekend,🌙,0.51,-,"a cup of coffee, a book and a slice of lemon",slice; lemon; book; coffee; cup; dishes; cafe; pottery; cups; tea; housewares,0.7396; 0.7282; 0.7153; 0.2807; 0.2775; 0.275; 0.2739; 0.2682; 0.267; 0.2651; 0.262,serene,-
image355,Colorful Abstract on White Wall,@left_field,"Chefchaouen, Morocco",toilet,14,The day we met,🌙,0.57,-,a colorful abstract on a white wall,wall; abstract; bookmarks; bookmark; panel; banners; rugs; bicycle; receptor; decorative,0.7285; 0.7276; 0.2671; 0.252; 0.2456; 0.2455; 0.2443; 0.244; 0.2433; 0.2425,whimsical,-
image359,Man in Tank Top,@magenta_rose,"Budapest, Hungary",park bench,3,Early morning in August,☀️,0.6,-,a of a man in a tank top,top; tank; acrylic; painted; nudity; pac; wall; paint; markers,0.7257; 0.7198; 0.271; 0.2614; 0.2539; 0.2524; 0.2523; 0.2514; 0.2512,mysterious,-
image360,Landscape with Power Lines,@feeling_tone,"Bariloche, Argentina",during traffic in my car,5,Summer solstice,☀️,0.51,-,"a landscape, power lines, and an electrical substation",landscape; substation; lines; power; backgrounds; process; study; finishing; preliminary; environments; progress,0.7494; 0.7186; 0.7039; 0.6968; 0.2701; 0.2653; 0.2605; 0.2577; 0.2568; 0.2564; 0.2559,neutral,-
image366,Face of Young Girl,@heliodor_sun,"Marrakesh, Morocco",bus seat,4,Autumn equinox,🍝,0.82,-,the face of a young girl,girl; acrylic; face; asian; portrait; study; expression; faced,0.7556; 0.2745; 0.2719; 0.2693; 0.2677; 0.2652; 0.2634; 0.2633,mysterious,-
image368,Tissue Box,@planet_blue,"Oaxaca, Mexico",bus seat,4,Third week of lockdown,☕,0.91,-,a tissue in a box,tissue; shoe; box; shoes; bed; prototype; bag; sofa; boxes,0.7585; 0.2931; 0.2815; 0.2772; 0.2746; 0.2745; 0.272; 0.2716; 0.2702,neutral,-
image369,Pencil Head on Pedestal,@background_noise,"Hallstatt, Austria",balcony at sunset,10,31/12/07,-,0.67,-,a pencil of a head on a pedestal,head; pedestal; apollo; piece; sculpture; study; alexander; face; faces,0.756; 0.7555; 0.2816; 0.2655; 0.2651; 0.2647; 0.2642; 0.264; 0.2637,neutral,-
image37,Christmas Tree Ornaments and Envelope,@timeless_echo,"Marrakesh, Morocco",balcony at sunset,10,Midsummer night,🍝,0.5,-,"a christmas tree, ornaments, and an envelope",ornaments; christmas; tree,0.7737; 0.7709; 0.3106,serene,-
image372,Book with Various Animals,@eternal_flame,"Nara, Japan",train window seat,7,Last June,🌙,0.86,-,a book with of various animals,book; animals; catalogue; catalog; stickers; hardcover; manuals; stamps; catalogs,0.7251; 0.7114; 0.2692; 0.2656; 0.2619; 0.2594; 0.2593; 0.2573; 0.2554,mysterious,-
image377,Faces of Two Men,@spiritual_journey,"Haifa, Israel",train window seat,7,Halloween night,🍝,0.68,-,the faces of two men in japanese,men; news; newspaper; frontpage; magazine; article; nylon; goto; sanyo,0.7049; 0.2883; 0.2765; 0.2734; 0.2705; 0.2687; 0.2595; 0.2559; 0.2546,serene,-
image382,Black and White Monster,@front_line,"Sapa, Vietnam",during traffic in my car,5,Worst birthday I've ever had,☕,0.65,-,a black and white of a monster,monster; freebsd; sun; sol; creature; permalink; anger; animation; griffin,0.7524; 0.2684; 0.2671; 0.2662; 0.2655; 0.264; 0.2632; 0.2631; 0.261,neutral,-
image383,Jellyfish Suspended in Air,@transcendent_moment,"Sapa, Vietnam",balcony at sunset,10,Full moon in March,-,0.86,-,a jellyfish suspended in the air,jellyfish; air; sculpture; telecharger; computer; installation; ethernet; wiring; computation; exhibit,0.7803; 0.7295; 0.2889; 0.2834; 0.2834; 0.2832; 0.2794; 0.2792; 0.2785; 0.2782,serene,-
image388,Man in Suit and Tie,@sacred_space,"Sapa, Vietnam",during traffic in my car,5,Autumn equinox,☕,0.66,-,a of a man in a suit and tie,tie; suit; count; alfred; angry; butler; clerk; logan; principal; anger,0.7433; 0.7389; 0.2854; 0.2817; 0.2802; 0.2767; 0.2749; 0.2742; 0.2736; 0.2729,warm,-
image390,Man with Bow Tie,@cosmic_dance,"Bariloche, Argentina",beach,6,31/12/07,☀️,0.65,-,a of a man with a bow tie,bow; tie; alfred; marshall; holmes; bernard; vincent; karl; mitchell; clerk,0.7116; 0.7017; 0.2719; 0.2642; 0.2625; 0.2615; 0.2614; 0.261; 0.2599; 0.2566,warm,-
image395,Girl with Green Hair,-,"Valparaíso, Chile",museum hallway,12,Day after graduation,🌙,0.67,-,a of a girl with green hair and blue eyes,eyes; hair; girl; glance; face; portrait; markers; facing; drawn,0.7438; 0.729; 0.275; 0.2692; 0.2684; 0.267; 0.2657; 0.2654; 0.2635,cool,-
image399,Collage of People and Animals,@depth_of_field,"Tel Aviv, Israel",during traffic in my car,5,Before the big storm,🍝,0.73,-,a collage of people and animals,collage; animals; prints; arts; faces; markers; influences; process,0.7634; 0.7087; 0.252; 0.2507; 0.2495; 0.2495; 0.2483; 0.2476,mysterious,-
image410,Bird and Words,@infinite_loop,"Luang Prabang, Laos",metro station,2,Third week of lockdown,☕,0.79,-,a of a bird and the words to rest and harbour ressentiment,ressentiment; bird; cookbook; recipes; oven; preserve; menus; consistency; ebooks; preservation,0.7645; 0.7403; 0.2876; 0.2829; 0.2755; 0.2728; 0.272; 0.2719; 0.2702; 0.2693,neutral,-
image420,Black and White Poster,@amethyst_sky,"Oaxaca, Mexico",toilet,14,On my sister's wedding day,☀️,0.67,-,a black and white poster with graffiti on it,poster; graffiti; brochure; publication; adults; flyer; newsletters; animals; youth; adolescent,0.7491; 0.7267; 0.2702; 0.2701; 0.2682; 0.2669; 0.2658; 0.2656; 0.2647; 0.2628,neutral,-
image422,"Ink, Graphite, and Charcoal",@underground_rail,"Chefchaouen, Morocco",beach,6,Winter break,☕,0.79,-,"ink, graphite, charcoal, and",charcoal; graphite; thing; creature; card; ink; pen; antenna; ear,0.7663; 0.7647; 0.2605; 0.2591; 0.257; 0.2554; 0.2538; 0.2537; 0.253,mysterious,-
image426,Doodle of Cat and Hand Holding,-,"Lamu, Kenya",attic room,13,Early spring 2005,☀️,0.62,-,"a doodle of a cat, a hand holding a and a of an animal",doodle; hand; animal; faces,0.7839; 0.7487; 0.7464; 0.3053,serene,-
image427,Group of Children Sitting,@serene_waters,"Nazareth, Israel",museum hallway,12,Winter of '98,🍝,-,-,a group of children sitting in a colorful ball,group; ball; children; indigenous; colors; color; arts; artist; markers,0.734; 0.7311; 0.2528; 0.2507; 0.2502; 0.2497; 0.2496; 0.2492; 0.2491,whimsical,-
image429,Heart and Compass,@lime_light,"Reykjavík, Iceland",park bench,3,During the blackout,-,0.97,-,a of a heart and a compass,compass; cardiovascular; cardiac; virus; heart; seed; mechanical; infected; biological,0.7585; 0.2954; 0.2893; 0.2893; 0.2887; 0.2817; 0.2797; 0.2763; 0.2734,mysterious,-
image433,Two Cats Looking,@creative_spirit,"Rome, Italy",metro station,2,During the blackout,☀️,0.64,-,two cats looking at the camera,camera; cats; oils; titten; attempts; pussy; expressions,0.7144; 0.2862; 0.2708; 0.269; 0.2688; 0.2655; 0.2643,neutral,-
image440,"Cat’s Eyes, Whiskers, and Ears",@wandering_soul,"Reykjavík, Iceland",balcony at sunset,10,After the last train,☀️,0.97,-,"the cat's eyes, whiskers, ears, and tail",whiskers; tail; eyes; ears; chat; cats; kitty; titten; fox; banner; permalink,0.7618; 0.737; 0.7339; 0.726; 0.2731; 0.2712; 0.2676; 0.2657; 0.2642; 0.2641; 0.2621,neutral,-
image441,Orange Tabby Cat in Yellow,@topaz_star,"Tel Aviv, Israel",park bench,3,My last day at work,☀️,0.76,Made this during a blackout by candlelight,an orange tabby cat with yellow eyes,tabby; orange; eyes; defence; titten; pet; chat; pat; worldcat; copper,0.7662; 0.7572; 0.7215; 0.2701; 0.2692; 0.266; 0.2658; 0.264; 0.2631; 0.2627,warm,Made this during a blackout by candlelight
image443,Cat with Green Eyes,@eternal_flame,"San Francisco, USA",toilet,14,Midsummer night,🍷,0.84,-,a of a cat with green eyes,eyes; fat; obesity; titten; pat; pet; unit; chat,0.7247; 0.2905; 0.2803; 0.274; 0.2726; 0.2688; 0.2677; 0.2659,cool,-
image446,Cross‑Stitch Pigeon,@ethereal_beauty,"Athens, Greece",museum hallway,12,Early morning in August,🍝,0.81,-,a cross stitch of a pigeon,pigeon; stitch; cross; penguin; bird; birds; crafts; perry; pixel; preliminary; hobby,0.7886; 0.7307; 0.7043; 0.278; 0.2711; 0.2649; 0.264; 0.2626; 0.2573; 0.2563; 0.2554,neutral,-
image448,Hand Holding Cross‑Stitch,@esoteric_wisdom,"Budapest, Hungary",train window seat,7,My last day at work,-,0.89,-,a hand holding a cross stitch that says doubled up on adderall and here to fuck,adderall; hand; stitch; cross; crafts; productive; adding; thread; decorating; diy; adjustable; ambien,0.776; 0.7022; 0.6995; 0.6894; 0.2713; 0.2647; 0.2614; 0.2612; 0.2612; 0.2591; 0.2574; 0.2572,mysterious,-
image449,Bearded Man with Hat,@transcendent_moment,"Tiberias, Israel",beach,6,Midsummer night,🌙,0.5,-,a of a bearded man with a hat,hat; portrait; vincent; abraham; francisco; pac; gabriel; abu; drawn,0.7532; 0.2838; 0.2838; 0.2785; 0.2783; 0.2769; 0.2755; 0.2749; 0.2718,mysterious,-
image450,Horse and Pencil,@velvet_storm,"Tel Aviv, Israel",park bench,3,15/05/23,🍷,0.83,-,a of a horse and a pencil,horse; pen; pens; notes; audience; demo; migration,0.7407; 0.2725; 0.2639; 0.2619; 0.261; 0.2603; 0.2596,serene,-
image456,Pair of Red Birds,@white_rabbit,"Siwa Oasis, Egypt",during traffic in my car,5,Winter break,-,0.89,-,a pair of red birds,pair; bird; birds; reconstruction; red; nest; rouge; chick; robin,0.7348; 0.2839; 0.2733; 0.265; 0.2638; 0.2588; 0.258; 0.2574; 0.257,warm,-
image459,Chair and Open Book,@white_rabbit,"Amsterdam, Netherlands",office desk corner,9,04/07/11,☀️,0.98,-,a of a chair and an open book with black and white,book; chair; catalogue; configurations; forms; catalogs; manuals; brochures; handbook; brochure,0.7221; 0.7014; 0.2677; 0.2653; 0.2652; 0.2648; 0.2646; 0.2639; 0.2596; 0.2581,neutral,-
image460,Vintage Postcard Featuring Woman,@surreal_world,"Cusco, Peru",toilet,14,Worst birthday I've ever had,-,0.94,-,a vintage postcard featuring a woman in a black and white dress,vintage; dress; postcard; card; circus; performer; postcards; cards; mercury; carnival,0.7462; 0.7353; 0.287; 0.285; 0.2795; 0.2754; 0.2735; 0.2724; 0.2687; 0.2671,neutral,-
image463,Kitchen with Person Holding,@occult_art,"Prague, Czech Republic",balcony at sunset,10,Middle of summer,☕,-,-,a of the kitchen and a person holding a,person; restaurants; libraries; apartment; kitchen; bookstore; museums; designing; refrigerator,0.7056; 0.2575; 0.2567; 0.2563; 0.2548; 0.2538; 0.2536; 0.252; 0.2516,neutral,-
image468,Variety of Items on Table,@imaginative_eye,"Rosh Hanikra, Israel",kitchen table,11,Night of the eclipse,-,0.74,-,a variety of items on a table,table; items; variety; pottery; detail; bottles; ceramic; bottle; laboratory; objects; instruments,0.751; 0.742; 0.7378; 0.2924; 0.2853; 0.2822; 0.2788; 0.2755; 0.2733; 0.2723; 0.2721,neutral,-
image470,Orchid Flower,@beryl_light,"Siwa Oasis, Egypt",toilet,14,-,-,0.81,-,an orchid flower,orchid; lotus; defense; flower; defend; defence; aaa; bee; badge,0.799; 0.298; 0.2924; 0.2894; 0.2881; 0.2827; 0.2797; 0.2741; 0.2736,mysterious,-
image471,Woman with Her Hand in Front,@silver_lining,"Toronto, Canada",during traffic in my car,5,Night of the eclipse,🍷,0.59,-,a woman with her hand in front of her face,face; hand; front; drawn; acrylic; fox; rendered; portrait; preliminary; study; draw,0.7487; 0.7315; 0.7065; 0.2679; 0.267; 0.266; 0.2652; 0.2622; 0.2622; 0.2622; 0.2621,warm,-
image476,Woman with Long Hair and Phone,@mystic_fog,"Berlin, Germany",metro station,2,During the blackout,☀️,-,-,a woman with long hair and a phone in her hand,hair; hand; phone; drawn; draw; stylus; trace; ana; portrait; drew; gnu,0.7534; 0.7368; 0.7259; 0.267; 0.2651; 0.2627; 0.2623; 0.2619; 0.2612; 0.2607; 0.2607,mysterious,-
image477,Black and White Building,@shallow_waters,"Siwa Oasis, Egypt",office desk corner,9,Worst birthday I've ever had,🍷,0.59,-,a black and white of a building with graffiti on it,building; graffiti; asp; banner; patrol; moon; satellite; nasa; pan; ist,0.7064; 0.6836; 0.2743; 0.2639; 0.2608; 0.2606; 0.2596; 0.2575; 0.2565; 0.2563,neutral,-
image478,Three Different Types of Fruit,@mystical_path,"Barcelona, Spain",park bench,3,Autumn equinox,🍷,-,-,three different types of fruit,fruit; types; minerals; vessels; vegetables; rocks; fruits; variations; tobacco,0.7554; 0.7372; 0.2832; 0.2742; 0.2676; 0.2675; 0.2667; 0.2662; 0.2656,neutral,-
image481,Group of People Walking,@meditation_room,"San Francisco, USA",park bench,3,-,☀️,0.82,-,a group of people walking in different directions,group; directions; installation; calibration; entities; configurations; cleaners; demonstration; installations; loss,0.7313; 0.7183; 0.2615; 0.2542; 0.253; 0.2526; 0.2521; 0.252; 0.2509; 0.249,minimal,-
image482,Blue Word “45”,@surreal_world,"Budapest, Hungary",toilet,14,Before the big storm,-,0.55,-,a blue with the word 45 % written on it,blue; word; integer; iii; numeric; ist; number; ips; numerical; minimum,0.7481; 0.6953; 0.2779; 0.2769; 0.2762; 0.2746; 0.2727; 0.2717; 0.2705; 0.27,melancholic,-
image485,Leaf and Book,@depth_of_field,"Pingyao, China",balcony at sunset,10,Halloween night,☕,0.65,-,"a leaf, a book, and a of",book; leaves; leaf; pine; cedar; materials; vegetation; plants; plant,0.7203; 0.2784; 0.2758; 0.2712; 0.2648; 0.2616; 0.2604; 0.2591; 0.2581,serene,-
image489,Two Birds Facing Each Other,@concrete_dreams,"Kyoto, Japan",metro station,2,The day we met,🍷,0.72,-,two birds facing each other,birds; thanksgiving; poultry; chicken; cock; turkey; reconstruction; hand; greeting,0.7477; 0.2859; 0.2789; 0.276; 0.2752; 0.2749; 0.2698; 0.2682; 0.2671,serene,-
image493,Pencil Drawing of Old Typewriter,@found_poetry,"Takayama, Japan",in bed at midnight,15,The day the power went out,🍷,0.87,-,a pencil of an old typewriter,typewriter; writer; write; letter; mechanical; italic; correspondence; computer; letters,0.8504; 0.2963; 0.292; 0.2899; 0.2859; 0.2826; 0.2826; 0.2813; 0.2805,mysterious,-
image504,Black and White Woman,@mood_swing,"Montreal, Canada",beach,6,The hottest day of the year,☀️,0.53,-,a black and white of a woman with her head in the air,air; head; tribal; anxiety; disorder; organisms; acid; chaos; entities; meditation,0.7449; 0.7398; 0.2909; 0.2895; 0.2885; 0.2855; 0.284; 0.2836; 0.2834; 0.2834,neutral,-
image507,Object in Frame,@silver_lining,"Safed, Israel",bus seat,4,Summer solstice,-,-,-,an object in a frame,object; frame; columns; rendered; portal; bone; cad; capital; cup; calcium,0.7589; 0.7366; 0.2743; 0.2741; 0.2737; 0.2728; 0.2727; 0.2709; 0.2691; 0.2687,warm,-
image508,Three People Sitting on Blanket,-,"Oaxaca, Mexico",kitchen table,11,04/07/11,🌙,0.82,-,three people sitting on a blanket in front of a sunset,blanket; sunset; front; camping; picnic; yoga; polo; aol; tent; wrestling; camp,0.7412; 0.7341; 0.7054; 0.2815; 0.2776; 0.2689; 0.2677; 0.2675; 0.2646; 0.2632; 0.2631,serene,-
image509,Man Sitting on Floor,@velvet_storm,"Rome, Italy",office desk corner,9,Winter of '98,🍝,0.82,-,a man sitting on the floor with a cup of coffee in front of him,cup; coffee; floor; conversation; beer; cocktail; drinking; feb; japanese,0.7708; 0.769; 0.732; 0.2792; 0.2782; 0.276; 0.2739; 0.2738; 0.2731,neutral,-
image510,Black and White Man,@mystic_fog,"Pingyao, China",kitchen table,11,The day we met,☕,0.54,-,a black and white of a man in a hat,hat; mime; thumbs; revisions; thumbzilla; annotation; finger; thumb,0.7492; 0.2715; 0.2673; 0.2615; 0.2613; 0.2606; 0.2599; 0.2583,neutral,-
image511,Man in Blue Shirt,@brown_bear,"Safed, Israel",train window seat,7,Third week of lockdown,☕,0.73,-,a of a man in a blue shirt,blue; shirt; process; preliminary; acrylic; prisoner; finishing; becoming; seller; oils,0.7347; 0.6901; 0.2697; 0.2678; 0.2614; 0.2592; 0.2589; 0.2569; 0.2555; 0.2555,melancholic,-
image513,Blue Laptop on White Surface,@solar_flare,"Amsterdam, Netherlands",train window seat,7,Just before sunrise,☕,0.87,-,a blue laptop on a white surface,surface; laptop,0.7458; 0.303,melancholic,-
image516,Person Lying on Ground,@comet_trail,"Hallstatt, Austria",balcony at sunset,10,One rainy afternoon,☕,-,-,a of a person lying on the ground,person; ground; falling; animation; fell; mechanics; die; dive; horizontal,0.7548; 0.7192; 0.2763; 0.2667; 0.2667; 0.2624; 0.2615; 0.2603; 0.2596,neutral,-
image518,Pair of Spiral Galaxies,@nebula_dream,"Prague, Czech Republic",metro station,2,Early morning in August,-,0.76,-,a pair of spiral galaxies in the night sky,galaxies; pair; sky; night; cluster; astronomy; clusters; galaxy; space; universe; composite; convergence,0.7933; 0.7184; 0.6947; 0.6897; 0.2701; 0.2627; 0.2603; 0.2603; 0.2534; 0.2504; 0.247; 0.246,neutral,-
image519,Circular Metal Plate,@red_velvet,"Rome, Italy",metro station,2,Worst birthday I've ever had,☕,0.55,-,a circular metal plate on the ground,metal; ground; plate; drainage; drain; valve; circular; bearing; debian; concrete; holes,0.7372; 0.7371; 0.7217; 0.2735; 0.2729; 0.266; 0.2655; 0.2638; 0.2592; 0.2574; 0.2572,neutral,-
image524,Nude Woman Sitting on Chair,@back_story,"Sapa, Vietnam",during traffic in my car,5,The day we met,-,0.9,-,a nude woman sitting on a chair,chair; nudity; nude; nudist; naked; breast; shoulder; une,0.7329; 0.2744; 0.2717; 0.271; 0.2629; 0.2626; 0.2623; 0.2612,neutral,-
image527,Group of Different People,@turquoise_sea,"Prague, Czech Republic",balcony at sunset,10,The day the power went out,🍝,0.66,-,a group of people in different poses,poses; perfume; animation; weblog; blog; persons; japan; groups; group,0.7407; 0.2725; 0.2665; 0.2621; 0.2594; 0.2594; 0.2592; 0.2587; 0.2579,serene,-
image528,Two Boys Standing Next to Each Other,@wandering_soul,"Cusco, Peru",bus seat,4,Worst birthday I've ever had,☀️,0.53,-,two boys standing next to each other,boys; sons; duo; fathers; markers; characters; dad; workers; visitors,0.7514; 0.2715; 0.27; 0.2691; 0.2685; 0.2648; 0.2647; 0.2624; 0.2617,serene,-
image532,Two People in a Boat,@back_story,"Montreal, Canada",in bed at midnight,15,Blue hour in January,🍝,0.75,-,two people in a boat,boat; boats; sailing; ship; boating; sail; ships; yacht,0.2946; 0.2872; 0.2781; 0.2779; 0.2765; 0.2697; 0.2632; 0.2631,serene,-
image533,Pink and Green Stars on Black,@purple_haze,"Amsterdam, Netherlands",beach,6,Third week of lockdown,🍝,0.84,-,"a pink green stars, and black stars",stars; pink; patrol; coral; organisms; verde; cell; wall; green; acid,0.7589; 0.7495; 0.282; 0.269; 0.2685; 0.2674; 0.2661; 0.2661; 0.2653; 0.2634,dark,-
image537,Pair of Legs,@orange_sunset,"San Francisco, USA",museum hallway,12,Early morning in August,🍝,0.98,-,a pair of legs in the shape of a bathtub,bathtub; pair; shape; legs; basin; toilet; instrument; font; chair; capital; handles; helmet,0.7686; 0.7381; 0.7367; 0.7037; 0.2977; 0.2907; 0.2865; 0.2862; 0.2843; 0.2807; 0.2795; 0.2767,mysterious,-
image54,Man Lying on Grass,@cryptic_message,"Takayama, Japan",kitchen table,11,The festival weekend,-,0.7,-,a man lying in the grass with his feet up,grass; feet; defence; defense; animation; thumbnail; orange; defend; barrier; rendering,0.7351; 0.7285; 0.265; 0.2607; 0.2587; 0.257; 0.2569; 0.2548; 0.251; 0.2496,warm,-
image541,Three Skeletons,@brown_bear,"Jerusalem, Israel",museum hallway,12,The week before moving out,☀️,0.64,-,a of three skeletons on a of,skeletons; anatomy; dos; mechanics; bodies; notes; scanned; deaths; parts,0.7911; 0.2706; 0.2641; 0.2641; 0.2627; 0.2615; 0.2614; 0.2602; 0.2598,serene,-
image543,Man Holding Sword,@foreground_focus,"Kathmandu, Nepal",metro station,2,04/07/11,🍷,0.94,-,a person walking past a billboard with a quote on it,billboard; person; message; acknowledge; utilize; via; entrepreneurs; writings; values; quote,0.7555; 0.7159; 0.2736; 0.268; 0.2656; 0.2646; 0.2644; 0.2639; 0.2638; 0.2616,mysterious,-
image558,Ink and Gouache,@tourmaline_rain,"Paris, France",metro station,2,Winter break,🍝,-,-,"ink, and gouache on",gouache; ink; spirits; beings; souls; conversation; bodies; couple; pair,0.7592; 0.7409; 0.2846; 0.2745; 0.2731; 0.2724; 0.2723; 0.2703; 0.2679,neutral,-
image560,Words “Special Sale”,@serene_waters,"Valparaíso, Chile",metro station,2,Winter break,☕,0.92,This piece emerged after spilling ink and going with it,"the words ""special sale"" and ""lemon",sale; lemon; signature; jamaica; flyer; recipes; recipe; advertisement; jefferson,0.7273; 0.2836; 0.2807; 0.2648; 0.2624; 0.2595; 0.2591; 0.2591; 0.2587,neutral,This piece emerged after spilling ink and going with it
image566,Two Black Chairs,@citrine_glow,"Rome, Italy",in bed at midnight,15,The hottest day of the year,☕,0.78,-,two chairs with black and white polka dots,dots; polka; chairs,0.757; 0.744; 0.3163,neutral,-
image569,Person with Surfboard,@coral_reef,"Barcelona, Spain",park bench,3,04/07/11,🍷,-,-,a person on a surfboard in the ocean,surfboard; ocean; person; photograph; signature; label; surfing; myrtle; surf; postcard; sea,0.7524; 0.7482; 0.7191; 0.2708; 0.2704; 0.2675; 0.2664; 0.2655; 0.2645; 0.2618; 0.2616,serene,-
image571,Squares and Rectangles,@soft_whisper,"Prague, Czech Republic",museum hallway,12,One rainy afternoon,🍷,1.0,-,squares and rectangles in different colors,rectangles; squares; colors; google; pixels; ghana; ibm; lithuania; pixel; mozilla; blocks,0.7525; 0.7295; 0.7261; 0.2708; 0.2501; 0.2446; 0.2437; 0.2422; 0.2411; 0.2387; 0.2378,mysterious,-
image575,Man with Hat on His Head,@atmospheric_pressure,"Athens, Greece",beach,6,Third week of lockdown,🍝,0.62,-,a man with a hat on his head,hat; head; reconstruction; rendered; merchant; examine; piece; letter; composite,0.7428; 0.7323; 0.2594; 0.2584; 0.2572; 0.2553; 0.2552; 0.2545; 0.2539,warm,-
image577,Man and Woman,@gray_wolf,"Sapa, Vietnam",kitchen table,11,04/07/11,☕,0.79,-,a of a man and a woman,dog; episode; drama; hygiene; dispute; enemies; bestiality,0.2651; 0.2641; 0.2632; 0.2632; 0.2613; 0.2592; 0.2588,mysterious,-
image586,Palm Trees on Beach,@obsidian_void,"Acre, Israel",bus seat,4,First week of college,🍷,0.85,-,a of palm trees on the beach,beach; trees; landscape; desert; palm; bahrain; landscapes; agricultural; phillips; strand,0.7351; 0.7245; 0.2683; 0.2587; 0.2558; 0.2524; 0.2519; 0.2482; 0.2477; 0.2445,neutral,-
image588,"Clocks, Flowers, and Clock Tower",@upside_down,"Pingyao, China",kitchen table,11,On my sister's wedding day,☀️,0.9,-,"clocks, flowers, and a clock tower in black and white",clock; flowers; tower; bookmarks; puzzles; clocks; symbols; bookmark; volumes; plants; pages,0.7476; 0.7374; 0.689; 0.2737; 0.2733; 0.2691; 0.2684; 0.2659; 0.2658; 0.2646; 0.2623,neutral,-
image590,Variety of Geometric Shapes,-,"Hoi An, Vietnam",in bed at midnight,15,15/05/23,🍝,-,I created it right after my ex dumped me,a variety of geometric shapes in black and white,shapes; variety; noise; ascii; inkjet; abstract; graphic; abstracts; puzzles; junk,0.763; 0.7414; 0.2757; 0.2751; 0.2744; 0.2743; 0.274; 0.2723; 0.2721; 0.2717,neutral,I created it right after my ex dumped me
image591,Silhouette of Man,@shadow_whisper,"Bariloche, Argentina",train window seat,7,31/12/07,🍝,0.93,-,the silhouette of a man,silhouette; person; piece; trace; ink; human; nude; proportion,0.7634; 0.2718; 0.2668; 0.2657; 0.2656; 0.2638; 0.2626; 0.2623,mysterious,-
image593,Letter T with Different Elements,@meteor_shower,"Oaxaca, Mexico",park bench,3,Just before sunrise,🌙,0.62,-,the letter t in different colors,letter; colors; tel; tri; yugoslavia; poster; slovak; theta; fraction; tab,0.752; 0.7242; 0.2713; 0.2695; 0.2685; 0.2678; 0.2676; 0.2668; 0.2656; 0.2632,mysterious,-
image599,Blue Circles with Black Lines,@occult_art,"Luang Prabang, Laos",during traffic in my car,5,Just before sunrise,🍷,0.74,-,blue circles and black lines on a white,lines; circles; dot; configurations; abstracts; fraction; molecules; circle; forms,0.7166; 0.2658; 0.2542; 0.2485; 0.2456; 0.2452; 0.2427; 0.2424; 0.2423,neutral,-
image601,Red and Gold Letter S,@ruby_heart,"Mitzpe Ramon, Israel",office desk corner,9,New Year's Eve 2010,🍷,0.62,-,a red with a gold letter s on it,letter; ribbon; rings; circular; loop; ring; collar; bracelet; restriction,0.7325; 0.2676; 0.2632; 0.2596; 0.2571; 0.2567; 0.2562; 0.2556; 0.2549,warm,-
image603,Outline of Woman’s Head,@concrete_dreams,"Rosh Hanikra, Israel",train window seat,7,My last day at work,🌙,0.82,-,the outline of a woman's head,head; belly; shaped; stomach; grows; fat; round; weight; outline,0.7229; 0.2831; 0.2793; 0.2748; 0.2748; 0.2741; 0.2738; 0.2708; 0.2694,mysterious,-
image605,Ink Calligraphy in White,@zen_garden,"Masada, Israel",in bed at midnight,15,Early spring 2005,☀️,0.71,-,"ink, and calligraphy on a white",calligraphy; ink; flowers; banner; raid; paint; flower; cleanup; inkjet; oils,0.7545; 0.7365; 0.2558; 0.2548; 0.2544; 0.2542; 0.2537; 0.2536; 0.2508; 0.2494,minimal,-
image606,"Fish, Flowers, and Other Colors",@silver_lining,"Folegandros, Greece",attic room,13,Third week of lockdown,-,0.98,-,"fish, flowers, and other colorful objects",fish; flowers; objects; pixels; quilt; beads; textile; puzzles; puzzle; rug,0.7287; 0.7248; 0.7207; 0.2593; 0.2535; 0.2506; 0.2496; 0.2482; 0.2481; 0.2467,whimsical,-
image607,Variety of Cartoon Characters,@deep_thoughts,"Marrakesh, Morocco",train window seat,7,Worst birthday I've ever had,☕,0.61,-,a variety of cartoon characters,characters; variety; cartoon; robots; stickers,0.7809; 0.7499; 0.7264; 0.3023; 0.3016,neutral,-
image608,"Fire, Flames, and Smoke",@creative_spirit,"Barcelona, Spain",museum hallway,12,04/07/11,🍝,0.79,-,"fire, flames, and smoke",fire; flames; log; cleanup; fireplace; firewire; fires; logs; filename; forge,0.7555; 0.7371; 0.2746; 0.2726; 0.2717; 0.2691; 0.268; 0.2663; 0.2605; 0.2599,minimal,-
image61,Woman with Long Black Hair,@white_rabbit,"Vancouver, Canada",beach,6,Worst birthday I've ever had,☕,0.72,-,a of a woman with long hair and a black and white striped pattern,pattern; hair; hardcover; pages; stationery; planner; bookmark; prints; patterns,0.7507; 0.6883; 0.2611; 0.2588; 0.258; 0.258; 0.2557; 0.2549; 0.2537,neutral,-
image612,Hand Holding Pen with Handwriting,@ruby_heart,"Safed, Israel",during traffic in my car,5,Full moon in March,☕,0.5,-,"a of a hand holding a pen, a handwritten note, and the words'it happens again",note; hand; pen; wordsit; passport; wallet; thongs; issued; calendars; card; visa,0.7403; 0.7399; 0.73; 0.7209; 0.2787; 0.2747; 0.2691; 0.2682; 0.2673; 0.266; 0.2627,neutral,-
image613,Man Crying in Front of Group,@aquamarine_wave,"Acre, Israel",balcony at sunset,10,During the blackout,🍷,0.58,-,a man crying in front of a group of people,group; front; cry; pain; suffering; depression; suffer; upset; tear; anymore,0.7135; 0.687; 0.268; 0.2643; 0.2634; 0.262; 0.2609; 0.2597; 0.2587; 0.2577,mysterious,-
image616,Different Types of Windows,@constellation_map,"Marrakesh, Morocco",during traffic in my car,5,Summer solstice,🌙,0.73,-,different types of windows,windows; types; housewares; containers; objects; structures; furniture; rooms; designs,0.7726; 0.7461; 0.2843; 0.2789; 0.2785; 0.2779; 0.2772; 0.2747; 0.2745,mysterious,-
image617,Jellyfish Swimming in Ocean,@heliodor_sun,"Siwa Oasis, Egypt",kitchen table,11,The hottest day of the year,☀️,1.0,-,a jellyfish swimming in the ocean,swimming; ocean; restoration; reconstruction; coral; biological; verzeichnis; receptor; stem; membrane,0.7351; 0.7325; 0.2675; 0.2665; 0.2648; 0.2645; 0.2644; 0.2629; 0.2592; 0.2584,mysterious,-
image619,Book with Teeth,@sublime_vision,"Masada, Israel",museum hallway,12,One rainy afternoon,🌙,0.95,-,a book with teeth on the cover,book; teeth; tooth; smilies; dental; smile; mouth; dentists; grill,0.7578; 0.2971; 0.2899; 0.2812; 0.2796; 0.2794; 0.2747; 0.2666; 0.2651,mysterious,-
image621,Eye and Bird,@atmospheric_pressure,"Fez, Morocco",train window seat,7,On my sister's wedding day,☕,0.57,-,a of an eye and a bird,bird; eye; encyclopedia; observer; publication; correspondence; bibliography; birds; catalogue,0.7442; 0.2677; 0.2563; 0.2539; 0.2533; 0.2516; 0.2504; 0.2502; 0.2502,neutral,-
image622,Knight Riding a Horse,@golden_hour,"Zanzibar, Tanzania",bus seat,4,21/09/99,🌙,0.68,-,a knight riding on a horse,horse; knight; armor; vector; defend; defence; markers; ranger; viii,0.7237; 0.2937; 0.2868; 0.2765; 0.275; 0.2747; 0.2744; 0.2734; 0.273,serene,-
image625,Various Types of Shells,@underground_rail,"Prague, Czech Republic",museum hallway,12,Halloween night,☕,0.53,-,various types of shells,shells; types; shell,0.8427; 0.7632; 0.3192,mysterious,-
image626,Color and Shape,@amethyst_sky,"Jaffa, Israel",bus seat,4,During the blackout,☀️,0.75,-,"color, shape, and",color; shape; fish; trout; adolescent; juvenile; pike; reconstruction; salmon; permalink,0.7293; 0.7096; 0.2929; 0.2691; 0.269; 0.2647; 0.2601; 0.2601; 0.259; 0.2587,serene,-
image639,"Flowers, Birds, Butterflies, and Leaves",@constellation_map,"Tiberias, Israel",train window seat,7,Night of the eclipse,🍷,0.56,-,"flowers, birds, butterflies, and leaves",flowers; butterflies; leaves; birds; plants; gardens; pages; decorative; attempts,0.7517; 0.7393; 0.736; 0.7258; 0.2712; 0.2664; 0.2657; 0.2623; 0.2618,neutral,-
image64,Two Lemons in Water,@serene_waters,"Kibbutz Ein Gedi, Israel",beach,6,First week of college,🍷,0.95,-,a of two lemons in the water,lemons; water; sea; lemon; banana; boats; swimming; yellow; boat; swim,0.7967; 0.7685; 0.288; 0.288; 0.2864; 0.2863; 0.2817; 0.2815; 0.2815; 0.2808,warm,-
image640,"Bridge, Trees, and Train",@esoteric_wisdom,"Marrakesh, Morocco",train window seat,7,Midsummer night,🌙,0.85,-,"a bridge, trees, and a train",bridge; train; landscape; landscapes; forests; logging; trees; forestry; gras; terrain,0.7352; 0.7296; 0.263; 0.2622; 0.262; 0.2601; 0.2582; 0.2565; 0.2563; 0.254,mysterious,-
image641,Variety of Frogs and Toads,@cryptic_message,"Hallstatt, Austria",bus seat,4,Summer solstice,-,-,-,a variety of frogs and toads,frogs; toads; variety; frog; biodiversity; ecology; creatures; stickers; prints; animals,0.8016; 0.7813; 0.733; 0.2762; 0.2747; 0.2524; 0.2523; 0.2515; 0.2506; 0.2505,mysterious,-
image644,Pencil Drawing of Cow’s Head,@citrine_glow,"Rosh Hanikra, Israel",train window seat,7,Midsummer night,☕,0.83,-,a pencil of a cow's head with a knife,head; knife; cow; gnu; pig; buffalo; horse; elephant; viking; doe,0.7528; 0.7331; 0.2727; 0.2717; 0.2715; 0.2686; 0.2679; 0.2667; 0.2666; 0.2665,mysterious,-
image648,Woman in Bikini,@planet_blue,"Caesarea, Israel",toilet,14,New Year's Eve 2010,🍷,0.52,-,a of a woman in a bikini,bikini; banana; nudity; marilyn; draw; card; postcard; preliminary,0.7227; 0.2641; 0.2625; 0.258; 0.2573; 0.2572; 0.2547; 0.2546,mysterious,-
image649,Floral Design with Animal,@peaceful_mind,"Haifa, Israel",park bench,3,Full moon in March,🍷,0.9,-,"a of a floral design, a of an animal, and an of the alphabet",design; alphabet; animal; bookmarks; symbols; pages; bookmark; glossary; menus; recipes; bibliographic,0.7341; 0.7319; 0.6994; 0.2645; 0.2627; 0.2595; 0.2585; 0.2534; 0.2495; 0.2495; 0.2487,neutral,-
image651,Colorful Cityscape with Skyscrapers,@quiet_night,"Hallstatt, Austria",park bench,3,04/07/11,-,0.82,-,a colorful cityscape with skyscrapers,skyscrapers; cityscape; buildings; towers; cities; blocks; banner; puzzles; city; pixels,0.7819; 0.7674; 0.273; 0.2677; 0.2653; 0.2644; 0.2597; 0.2552; 0.2513; 0.2494,whimsical,-
image652,Man Floating in Air,@ethereal_beauty,"Samarkand, Uzbekistan",beach,6,Middle of summer,🌙,0.98,-,a man floating in the air,air; falling; float; banner; carnival; stars; floating; gravity; travelers,0.7331; 0.2671; 0.2659; 0.2604; 0.259; 0.2588; 0.2581; 0.2564; 0.2562,ethereal,-
image653,Herd of Sheep Glowing,@tanzanite_night,"Berlin, Germany",bus seat,4,Third week of lockdown,🌙,0.86,-,a herd of sheep with glowing eyes,herd; eyes; sheep; audience; invasion; livestock; chorus; gathered; orgy; beings,0.7938; 0.727; 0.2914; 0.2867; 0.2745; 0.2683; 0.2682; 0.2665; 0.266; 0.2627,warm,-
image655,Crab with Words “Innocence”,@asteroid_belt,"Caesarea, Israel",attic room,13,The hottest day of the year,🍝,0.67,-,"a crab with the words ""innocence"" written on it",crab; innocence; maine; seafood; une; louisiana; thumbnail; maryland; peterson; omega,0.8031; 0.7014; 0.2608; 0.2566; 0.2533; 0.2507; 0.2464; 0.2461; 0.2454; 0.2453,mysterious,-
image66,Group of Different People,@undercurrent,"Amsterdam, Netherlands",during traffic in my car,5,Just before sunrise,☀️,0.8,-,a group of people in different poses,poses; group; collective; dozen; entities; molecules; orgy; bodies; composite; header,0.7318; 0.7275; 0.2521; 0.2509; 0.2495; 0.2477; 0.2467; 0.2465; 0.2459; 0.2451,serene,-
image665,Relationship Between Shrimp,@ruby_heart,"Toronto, Canada",museum hallway,12,The festival weekend,☕,0.7,-,the relationship between shrimp and bugs,shrimp; relationship; samba; biology; fish; bugs; samoa; bio; bug; seafood,0.7816; 0.7008; 0.2869; 0.2838; 0.2768; 0.2745; 0.2741; 0.2741; 0.2734; 0.2721,serene,-
image67,Rocks and Water,@arcane_symbol,"Eilat, Israel",during traffic in my car,5,Early spring 2005,☕,0.86,-,rocks and water in the sunlight,water; sunlight; rocks; detail; streams; oils; geological; acrylic; terrain; green,0.7319; 0.7303; 0.2908; 0.2678; 0.2677; 0.2651; 0.2633; 0.2628; 0.2621; 0.26,whimsical,-
image672,Four Leaves in Blue,-,"Athens, Greece",museum hallway,12,Early morning in August,🍷,0.84,-,four leaves in blue and white,leaf; pine; plants; plant; leaves; textile; printable; peoples,0.2861; 0.2813; 0.2806; 0.2743; 0.2742; 0.2741; 0.2739; 0.2722,melancholic,-
image674,Angelfish and Swordfish,@tanzanite_night,"Sapa, Vietnam",toilet,14,First week of college,🌙,0.87,-,an angelfish and a swordfish,fish,0.3074,mysterious,-
image678,Person in the Woods,@occult_art,"Nara, Japan",beach,6,Summer solstice,🍝,-,-,a person in the woods with their arms outstretched,woods; person; arms; praise; payday; arise; magical; sun; freedom; reach; rays,0.7504; 0.7287; 0.7069; 0.2689; 0.2646; 0.2637; 0.263; 0.2628; 0.2623; 0.2609; 0.2597,neutral,-
image679,Color and Shape,@planet_blue,"Acre, Israel",toilet,14,Before the big storm,🍷,0.52,-,"color, shape, and",shape; color; bacon; acrylic; guinea; shell; piece; bhutan; macedonia; cardiovascular,0.7384; 0.7377; 0.2775; 0.2753; 0.2744; 0.2713; 0.2652; 0.2648; 0.2632; 0.2628,serene,-
image682,Pomegranate,@wandering_soul,"Eilat, Israel",park bench,3,Midnight in April,🌙,0.64,-,a of a pomegranate,pomegranate; maple,0.767; 0.3033,mysterious,-
image685,Woman Knitting on Couch,@foreground_focus,"Sapa, Vietnam",train window seat,7,The day the power went out,☀️,0.65,-,a woman knitting on a couch,couch; granny; knitting; reader; librarian; writer; author; readers,0.7282; 0.2735; 0.2718; 0.2657; 0.2619; 0.2606; 0.2582; 0.2575,neutral,-
image689,Jellyfish with Stars,@silent_storm,"Tel Aviv, Israel",kitchen table,11,Worst birthday I've ever had,🍝,0.73,-,a jellyfish with stars on it,jellyfish; stars; root; humidity; bacterial; static; gnu; hair; seal; wizard,0.8027; 0.7413; 0.2666; 0.2619; 0.2616; 0.2615; 0.2597; 0.2588; 0.2588; 0.2569,neutral,-
image691,Woman Sitting on Floor,@brown_bear,"Haifa, Israel",metro station,2,The hottest day of the year,🍷,0.64,-,a woman sitting on the floor with her legs spread apart,legs; floor; yellow; lemon; ink; handbags; boxing; sewing; mercury; nudist,0.7365; 0.7292; 0.2764; 0.276; 0.2753; 0.2719; 0.2711; 0.2701; 0.2699; 0.2692,warm,-
image694,Two Birds and Stork,@surface_tension,"Kathmandu, Nepal",attic room,13,My last day at work,🌙,0.52,-,two birds and a stork,stork; reconstruction; restoration; birds; poultry; chicks; reproduction; duck; adults,0.7672; 0.2879; 0.2844; 0.2749; 0.2696; 0.2651; 0.2631; 0.2624; 0.2619,serene,-
image695,Castle in the Middle,@peaceful_mind,"Zanzibar, Tanzania",train window seat,7,After the last train,-,0.84,-,a castle in the middle of the ocean,ocean; middle; acrylic; sky; castle; aurora; backgrounds; distant; prophet; towers,0.7336; 0.7199; 0.2595; 0.2537; 0.2518; 0.2515; 0.2505; 0.25; 0.2499; 0.2496,mysterious,-
image696,Shadow of Fish,@green_tea,"Caesarea, Israel",in bed at midnight,15,First week of college,🌙,0.55,-,the shadow of a fish on a grid,fish; shadow; grid; detection; reconstruction; pointer; constraints; cgi; simulations; animation; sequences,0.7406; 0.725; 0.7245; 0.2692; 0.2652; 0.2617; 0.261; 0.2595; 0.2576; 0.257; 0.2568,dark,-
image697,Cat and Caterpillar,@turquoise_sea,"Samarkand, Uzbekistan",museum hallway,12,Day after graduation,-,0.52,-,a of a cat and a caterpillar,caterpillar; insects; worm; tiger; tigers; creatures; spots; species; bugs,0.7808; 0.286; 0.2814; 0.2763; 0.2757; 0.2699; 0.2696; 0.2688; 0.2678,neutral,-
image699,Words: “Try Again”,@meditation_room,"San Francisco, USA",balcony at sunset,10,Just before sunrise,🌙,0.89,-,the words try again,messages; tract; allergy; annotated; stickers; card; homepage; assign,0.2759; 0.2733; 0.2713; 0.2705; 0.2697; 0.2695; 0.2653; 0.2638,neutral,-
image705,Black and White Woman,@underground_rail,"Lisbon, Portugal",kitchen table,11,04/07/11,☀️,0.72,-,a black and white of a woman with her hair in a bun,bun; hair; flower; vulnerable; heads; inner; shoulder; biological; bouquet,0.765; 0.7622; 0.2674; 0.2674; 0.2669; 0.2668; 0.2653; 0.2641; 0.2638,neutral,-
image706,Penguin Wearing Birthday Hat,@enigmatic_smile,"Marrakesh, Morocco",park bench,3,Winter of '98,🍝,0.83,-,a penguin wearing a birthday hat,hat; birthday; penguin,0.7193; 0.7031; 0.3116,mysterious,-
image73,Yellow Sun Shining Through,@atmospheric_pressure,"Reykjavík, Iceland",toilet,14,An endless Sunday,☕,-,-,a yellow sun shining through trees in a forest,trees; sun; yellow; cleanup; greene; vincent; moss; thompson; phillips; forest,0.7381; 0.7168; 0.263; 0.2604; 0.2533; 0.2506; 0.2497; 0.2474; 0.2462; 0.2444,raw,-
image79,Circle of Rocks Suspended,@heliodor_sun,"Montreal, Canada",balcony at sunset,10,My last day at work,☕,0.53,-,a circle of rocks suspended in the middle of an empty room,circle; rocks; room; middle; zen; installation; meditation; fountain; installations; exhibit; align; centered,0.7542; 0.729; 0.7231; 0.71; 0.2709; 0.2632; 0.2606; 0.2605; 0.2561; 0.2561; 0.2549; 0.2545,warm,-
image8,Collage,@nebula_dream,"Montreal, Canada",toilet,14,Halloween night,☕,0.59,-,"collage, and",collage; seeds; seed; ceramic; pour; housewares; iron; brush; lid,0.7288; 0.2777; 0.2713; 0.2664; 0.2606; 0.2589; 0.2583; 0.2582; 0.257,neutral,-
image80,Different Types of Labyrinths,@tranquil_forest,"Kibbutz Ein Gedi, Israel",kitchen table,11,Summer solstice,☀️,0.89,-,the different types of labyrinths,labyrinths; types; circles; phases; ranges; patterns; zones; pattern; targets; configurations,0.8016; 0.7527; 0.2925; 0.2716; 0.2702; 0.2696; 0.2687; 0.2684; 0.268; 0.2679,mysterious,-
image82,Blue and White Circle,@right_side_up,"Rosh Hanikra, Israel",museum hallway,12,Winter break,-,0.97,I did this while microdosing and laying on the grass near a supermarket,a blue and white circle,portal; dot; circular; centered; circles; blue; circle; wall,0.2693; 0.2682; 0.2614; 0.2607; 0.2585; 0.2573; 0.2572; 0.2567,melancholic,I did this while microdosing and laying on the grass near a supermarket
image9,Man in Costume,@neon_dreamer,"Tel Aviv, Israel",metro station,2,First snow of 2012,-,0.97,-,a of a man in a costume,costume; tribal; vendor; priest; performer; prophet; emperor; apache,0.7541; 0.2734; 0.2707; 0.2703; 0.27; 0.2681; 0.2662; 0.265,neutral,-
image92,Woman Getting Her Makeup Done,@upside_down,"Lisbon, Portugal",park bench,3,The festival weekend,🍷,0.51,-,a woman getting her makeup done,makeup; smoking; skins; blair; mariah; britney; concentrate; lindsay,0.2705; 0.2612; 0.2611; 0.2607; 0.2588; 0.258; 0.2571; 0.2556,serene,-
image98,Pair of Shoes,@outside_in,"Cusco, Peru",during traffic in my car,5,21/09/99,-,0.67,-,a of a pair of shoes,pair; shoe; shoes; footwear; boot; air; boots; heel; foot,0.7435; 0.2896; 0.2807; 0.2759; 0.2754; 0.2747; 0.2733; 0.2707; 0.2695,mysterious,-
image99,Green Moth in Blue,@gentle_breeze,"Jaffa, Israel",park bench,3,An endless Sunday,☀️,0.74,-,a of a green moth on a blue,moth; blue; bee; insects; cell; bugs; butterfly; patrol; buzz; male,0.788; 0.7051; 0.2836; 0.2814; 0.2793; 0.2765; 0.2764; 0.2715; 0.269; 0.264,cool,-
