filename,title,creator,location,exact_spot,intimacy_level,date_stamp,daytime_icon,rawness_percent,context
image1,Two Dolls in Study,voidsketch,-,toilet,2,-,☀️,97%,-
image10,Beneath the Birds,#lostfound,"Montreal, Canada",during traffic in my car,10,Third week of lockdown,🍷,52%,-
image100,People by the Shore,voidsketch,"Chefchaouen, Morocco",riverbank,20,Middle of summer,-,59%,-
image101,Whispers in the Living Room,hiddenhands,"Valparaíso, Chile",forest clearing,35,Full moon in March,☀️,90%,-
image102,Falling Stars in Panels,-,"Athens, Greece",by the fireplace,13,21/09/99,-,53%,-
image103,Echoes of Color,#unknown,"Toronto, Canada",mountain lookout,19,One rainy afternoon,🍷,80%,-
image104,Ode to the Apple and Orange,#artifact,"Montreal, Canada",kitchen table,11,Winter of '98,🍷,61%,-
image105,Shadows on the Inflatable,driftmark,"Oaxaca, Mexico",attic room,12,First week of college,🍝,58%,-
image106,Ode to the Purple Monster,#artifact,"Paris, France",train window seat,22,Winter break,-,92%,-
image107,Shadows of the Woman in White,-,"Chefchaouen, Morocco",in bed at midnight,38,On my sister's wedding day,🍷,61%,-
image108,Portrait with Headscarf,#unseen,"Budapest, Hungary",forest clearing,35,Middle of summer,☕,84%,-
image109,Ode to Many Things,#artifact,"Reykjavík, Iceland",during traffic in my car,10,Winter of '98,-,72%,-
image11,Homage to the Woman with Red Hair,shade_studio,"Siwa Oasis, Egypt",during traffic in my car,10,Before the big storm,-,87%,-
image110,Portrait of the Table and Lamp,pale_ink,"Luang Prabang, Laos",bar counter,9,After the last train,🍝,51%,While sitting in traffic I started sketching on my phone
image111,Tennis Player,anon,"Berlin, Germany",bus seat,7,The festival weekend,🌙,67%,-
image112,Dreaming of the Shetland Collie,#wandering,"Marrakesh, Morocco",in bed at midnight,38,Night of the eclipse,🍷,90%,-
image113,Owls and Squirrels,#lostfound,"Luang Prabang, Laos",hotel balcony,28,Early spring 2005,☀️,69%,-
image114,Red Scissors Dream,midnightbrush,"Luang Prabang, Laos",toilet,2,Worst birthday I've ever had,🌙,72%,-
image115,Between the Tiger Balm,-,"Acre, Israel",forest clearing,35,The day we met,☕,95%,-
image116,Scallop Shell and Red Dots,#artifact,"New Orleans, USA",museum hallway,33,Early morning in August,☀️,-,-
image117,Four Creatures,pale_ink,"Tiberias, Israel",train window seat,22,Full moon in March,-,67%,-
image118,Red Dragon Shadows,driftmark,"Goa, India",seashore rocks,27,My last day at work,🍝,52%,Made while lying on the floor staring at the ceiling
image119,Hedgehog and Apple,voidsketch,"Rosh Hanikra, Israel",rain-soaked café,16,Early spring 2005,☕,98%,-
image12,Paint and Pastel Echoes,lumenveil,"Fez, Morocco",forest clearing,35,Before the big storm,☀️,62%,-
image120,Two Beetles and a Star,lumenveil,"Nara, Japan",by the fireplace,13,Full moon in March,🍝,59%,-
image121,Beneath the Spider,anon,-,bus seat,7,Midnight in April,-,60%,-
image122,Grasshopper Shadows,#unseen,"Reykjavík, Iceland",train window seat,22,Day after graduation,-,76%,-
image123,Ladybug Whispers,#artifact,"Nara, Japan",hidden alleyway,26,During the blackout,🍷,51%,-
image124,Green Vase Whispers,ghostline,"Marrakesh, Morocco",balcony at sunset,14,Winter of '98,-,-,-
image125,UFO in the Night,#artifact,"Fez, Morocco",library window,30,Summer solstice,🍝,-,-
image126,Cars on the Road,driftmark,"Masada, Israel",hotel balcony,28,Middle of summer,☕,60%,-
image127,Vase of Flowers and Child,midnightbrush,"Lamu, Kenya",library window,30,Midnight in April,🍷,52%,-
image128,Woman with Fish and Other Things,#lostfound,"Tel Aviv, Israel",forest clearing,35,During the blackout,☀️,55%,-
image129,Woman in Hat,pixelnomad,"Dead Sea, Israel",train window seat,22,Middle of summer,-,54%,-
image13,Ink Collage,#unseen,"New York, USA",backstage dressing room,25,04/07/11,-,66%,-
image130,Woman with Earrings,#forgotten,"Montreal, Canada",office desk corner,6,During the blackout,🍝,55%,-
image131,"Leaves, Branches, Snowflakes",dusk_drawer,"Paris, France",during traffic in my car,10,Last June,☕,77%,-
image132,Burrito with Lettuce and Tomato,voidsketch,"Pingyao, China",bridge at dusk,31,Halloween night,🌙,84%,-
image133,Woman in Headscarf,silent_form,"Oaxaca, Mexico",beach,3,One rainy afternoon,🍷,59%,-
image134,Potted Plant on a Small Table,silent_form,"Paris, France",toilet,2,Night of the eclipse,🍝,75%,-
image135,Man on the Balcony,anon,"Goa, India",candlelit room,24,The day the power went out,🍝,94%,-
image136,Purple Trees in a Field,moonframe,"Berlin, Germany",candlelit room,24,Halloween night,☀️,83%,-
image137,Oranges in a Bowl,nameless_one,"Amsterdam, Netherlands",kitchen table,11,Winter break,🍝,84%,-
image138,Ink and Gouache,dusk_drawer,"Rome, Italy",attic room,12,An endless Sunday,🍷,70%,Found an old notebook and sketched over my old school notes
image139,Colored Pencils and Crayons,pale_ink,"Prague, Czech Republic",secluded garden,23,Early spring 2005,🍷,63%,-
image14,Lemon,ghostline,"Safed, Israel",balcony at sunset,14,Midnight in April,🍝,98%,-
image140,New World Logo,lumenveil,"Dead Sea, Israel",under the old oak tree,15,The day the power went out,🍝,82%,-
image141,Man in Hat with Tie,#unknown,"Reykjavík, Iceland",candlelit room,24,04/07/11,-,72%,-
image142,Person Lying on the Ground,hiddenhands,"Masada, Israel",bar counter,9,Worst birthday I've ever had,🍝,53%,-
image143,"Rocket, Space Station, Satellite",midnightbrush,"Jaffa, Israel",school hallway,5,Autumn equinox,🌙,54%,-
image144,Blue Man in Red Hat,moonframe,"Reykjavík, Iceland",on the rooftop,37,After the last train,-,-,-
image145,Red Devil Doll,moonframe,"Nara, Japan",hidden alleyway,26,Last June,☕,97%,-
image146,"Dog, Cat, and Bird",#unknown,"Zanzibar, Tanzania",airport lounge,36,Early spring 2005,☕,87%,-
image147,Poem in Words,driftmark,"Tel Aviv, Israel",forest clearing,35,Winter break,🌙,78%,-
image148,Blue Table Lamp,silent_form,"Venice, Italy",on the rooftop,37,Early spring 2005,🌙,52%,-
image149,Chinese Character with Bronze Disk,dusk_drawer,"Samarkand, Uzbekistan",on the rooftop,37,An endless Sunday,🍝,50%,-
image15,Tomato Cut in Half,driftmark,"Budapest, Hungary",secluded garden,23,Midnight in April,🌙,74%,-
image150,Tall White Column,anon,"Venice, Italy",museum hallway,33,An endless Sunday,-,79%,-
image151,Hand‑Drawn City Map,moonframe,"Tiberias, Israel",school hallway,5,On my sister's wedding day,🍷,-,-
image152,Colorful Glass Sphere,-,"New York, USA",library window,30,Full moon in March,-,98%,-
image153,Black and White Abstract,#artifact,"Chefchaouen, Morocco",dockside pier,34,Winter break,-,100%,-
image154,Orange Light on White Wall,-,"Fez, Morocco",riverbank,20,Halloween night,🍝,69%,-
image155,Three Views of Gothic,#forgotten,-,rain-soaked café,16,Full moon in March,-,63%,-
image156,Woman Walking in Field with Car,hiddenhands,"Acre, Israel",bus seat,7,First week of college,🍷,88%,-
image157,Woman Sitting in Garden,midnightbrush,"Vancouver, Canada",bar counter,9,Summer solstice,☕,96%,-
image158,Words Then Voice,#forgotten,"Berlin, Germany",abandoned warehouse,17,The day the power went out,🍝,-,-
image159,Black and White Two,pixelnomad,"Berlin, Germany",kitchen table,11,Halloween night,-,63%,-
image16,Lemon Slice with Hole,#lostfound,"Venice, Italy",during traffic in my car,10,First week of college,🌙,91%,-
image160,Sun Rising over Body,#forgotten,"Lamu, Kenya",market square,21,Blue hour in January,☀️,92%,-
image161,Man Sitting at Desk,anon,"Budapest, Hungary",empty classroom,32,04/07/11,🌙,81%,-
image162,Shadows and Leaves,silent_form,"Dead Sea, Israel",under the old oak tree,15,15/05/23,☕,82%,-
image163,Field of Red Poppies,-,"Amsterdam, Netherlands",on the rooftop,37,One rainy afternoon,🍷,55%,-
image164,Black and White Circle,moonframe,"Samarkand, Uzbekistan",train window seat,22,Before the big storm,☀️,53%,-
image165,Interior of Lincoln,moonframe,"Rosh Hanikra, Israel",market square,21,The week before moving out,🍷,93%,Sketched it while waiting for my laundry
image166,White Buddha Sitting in Blue,pixelnomad,"Rosh Hanikra, Israel",school hallway,5,15/05/23,🍷,95%,-
image167,Leaf with Rocks and Pebbles,voidsketch,"Samarkand, Uzbekistan",bridge at dusk,31,First snow of 2012,🍷,68%,-
image168,Circular Structure in the Middle,midnightbrush,"Montreal, Canada",backstage dressing room,25,Autumn equinox,🌙,61%,-
image169,Colorful Abstract on Black,#lostfound,"Takayama, Japan",empty classroom,32,Winter break,🍷,68%,-
image17,Woman Painting Her Face,driftmark,"Hallstatt, Austria",-,1,An endless Sunday,☀️,77%,-
image170,Woman’s Face,pale_ink,"Barcelona, Spain",market square,21,Middle of summer,☀️,96%,-
image171,Woman with Orange Hair,#lostfound,"Rosh Hanikra, Israel",hidden alleyway,26,During the blackout,🍷,55%,-
image172,"Color, Shape, and Motion",pixelnomad,"Goa, India",under the old oak tree,15,Halloween night,☀️,87%,-
image173,Unicorn with Knife and Scissors,driftmark,"Valparaíso, Chile",museum hallway,33,Blue hour in January,☕,93%,-
image174,Man and Dog,shade_studio,"Acre, Israel",under the old oak tree,15,Early spring 2005,☀️,73%,-
image175,Woman Doing Handstand,midnightbrush,"New Orleans, USA",attic room,12,15/05/23,☕,74%,-
image176,Variety of Types,lumenveil,"Acre, Israel",candlelit room,24,15/05/23,🍷,99%,-
image177,Woman’s Face with Flowers,voidsketch,"Reykjavík, Iceland",backstage dressing room,25,Summer solstice,☕,-,-
image178,Design House,midnightbrush,"Haifa, Israel",laundromat corner,29,Day after graduation,☕,60%,-
image179,Yellow Lily with Green Leaves,ghostline,"Rosh Hanikra, Israel",on the rooftop,37,Winter break,-,91%,-
image18,Black and White Ornate,#forgotten,"Rome, Italy",empty classroom,32,Summer solstice,☀️,84%,-
image180,Tulip,anon,"Siwa Oasis, Egypt",under the old oak tree,15,Winter break,☕,95%,I happened to be bored in the office and this is what happened
image181,Rabbit with Leaves,voidsketch,"Kibbutz Ein Gedi, Israel",-,1,Third week of lockdown,🍝,83%,-
image182,"Colored Pencils, Crayons, and Markers",moonframe,"Safed, Israel",bar counter,9,-,☕,83%,-
image183,Inside the Eye,pale_ink,"Jerusalem, Israel",-,1,Winter break,☀️,89%,-
image184,Brain and Skull in Human Head,inktrace,"Fez, Morocco",under the old oak tree,15,Just before sunrise,🌙,59%,Was trying to draw a cat but it became something else
image185,Man on Horse,#unseen,"Montreal, Canada",abandoned warehouse,17,My last day at work,🍝,80%,-
image186,Black and White Woman,silent_form,"New Orleans, USA",attic room,12,Winter of '98,-,54%,-
image187,Person with Rubik’s Cube,shade_studio,"Chefchaouen, Morocco",by the fireplace,13,04/07/11,🌙,98%,-
image188,Man Sitting on Bench,shade_studio,"New York, USA",-,1,The week before moving out,-,-,-
image189,Man in Baseball Cap,shade_studio,"Rome, Italy",under the old oak tree,15,Before the big storm,☕,69%,-
image19,Person Sitting on Bench,ghostline,"Kyoto, Japan",empty classroom,32,The hottest day of the year,🌙,100%,-
image190,All Different Types,moonframe,"Hallstatt, Austria",candlelit room,24,Full moon in March,🍝,96%,I scribbled it during a Zoom meeting instead of paying attention
image191,World Map,midnightbrush,"Paris, France",hotel balcony,28,Blue hour in January,-,71%,-
image192,Black and White Spider,pixelnomad,"Prague, Czech Republic",forest clearing,35,The week before moving out,-,76%,-
image193,"Cubes, Triangles, Squares, Rectangles",pale_ink,"Hallstatt, Austria",backstage dressing room,25,Early morning in August,-,75%,-
image194,Handwritten List of Names,#unseen,"New Orleans, USA",seashore rocks,27,The hottest day of the year,☕,51%,-
image195,Person Holding Brush,lumenveil,"Reykjavík, Iceland",bar counter,9,Night of the eclipse,🌙,55%,-
image196,Acrylic Paint in Blue Light,voidsketch,"Budapest, Hungary",rain-soaked café,16,On my sister's wedding day,-,77%,-
image197,Acrylic Paint and Mixed Collage,shade_studio,"Athens, Greece",rain-soaked café,16,On my sister's wedding day,☀️,76%,-
image198,Various Colors,lumenveil,"Barcelona, Spain",desert roadside,18,31/12/07,🍝,70%,-
image199,Handwritten Letter and Teapots,midnightbrush,"Haifa, Israel",mountain lookout,19,Blue hour in January,🍷,69%,-
image2,Crescent Moon on Back,shade_studio,"Nara, Japan",under the old oak tree,15,Midsummer night,🍝,58%,-
image20,"Acrylics, Pastels, and Gouache",#wandering,"Bariloche, Argentina",backstage dressing room,25,Winter break,☀️,63%,-
image200,Screenshot of iPad App,#lostfound,"Chefchaouen, Morocco",museum hallway,33,Blue hour in January,🍷,54%,-
image201,Woman in Red Dress with Note,lumenveil,"Masada, Israel",-,1,15/05/23,-,86%,-
image202,"Table, Chair, and Doll",pixelnomad,"Rome, Italy",balcony at sunset,14,Summer solstice,-,77%,-
image203,Different Types of Shapes,dusk_drawer,"Dead Sea, Israel",in bed at midnight,38,Just before sunrise,-,72%,-
image204,African Woman with Turban and Earrings,#fragmented,"Ubud, Indonesia",desert roadside,18,Just before sunrise,☀️,91%,-
image205,Black and White,ghostline,"Marrakesh, Morocco",backstage dressing room,25,Early morning in August,🍷,92%,-
image206,Woman Standing in Open Doorway,voidsketch,"Takayama, Japan",mountain lookout,19,New Year's Eve 2010,☀️,98%,-
image207,Patterned Flower,shade_studio,"Eilat, Israel",during traffic in my car,10,The day the power went out,🍝,-,-
image208,Collage with Mache and Paint,moonframe,"Cusco, Peru",on the rooftop,37,Day after graduation,🌙,78%,-
image209,Woman Sitting in Pink Room,-,"Goa, India",airport lounge,36,Blue hour in January,-,69%,-
image21,Pair of Green High Heels,pixelnomad,"Samarkand, Uzbekistan",abandoned warehouse,17,Before the big storm,🌙,52%,-
image210,Heart Shape,dusk_drawer,"Hoi An, Vietnam",by the fireplace,13,15/05/23,🍷,50%,-
image211,Letters and Daisy Lane Mannequin,#wandering,"Tiberias, Israel",attic room,12,The hottest day of the year,-,93%,-
image212,"Red, Yellow, Blue, Green",anon,"Mitzpe Ramon, Israel",toilet,2,Autumn equinox,🍷,94%,-
image213,Carhartt Jacket with Orange Zippers,inktrace,"Budapest, Hungary",riverbank,20,New Year's Eve 2010,🍷,56%,-
image214,Name of Graphic Designer,silent_form,"Dead Sea, Israel",dockside pier,34,First week of college,☀️,93%,-
image215,Spider on Wall with Person,silent_form,"Hallstatt, Austria",attic room,12,My last day at work,-,-,-
image216,Black and White Insect,#unseen,"Chefchaouen, Morocco",office desk corner,6,Autumn equinox,🍷,79%,-
image217,Woman with Blue Hair,inktrace,"Marrakesh, Morocco",bus seat,7,The day we met,☀️,50%,-
image218,Woman Wearing Hat Holding Baby,#fragmented,"Berlin, Germany",under the old oak tree,15,Winter break,☕,50%,-
image219,Woman with Mouth Open,voidsketch,-,empty classroom,32,During the blackout,☕,59%,-
image22,Black and White Woman,inktrace,"Marrakesh, Morocco",on the rooftop,37,The day we met,-,68%,-
image220,"Red, Yellow, Blue, Black",shade_studio,"Siwa Oasis, Egypt",market square,21,Autumn equinox,☀️,98%,-
image221,Hand Reaching Out,voidsketch,"Acre, Israel",desert roadside,18,First week of college,-,86%,-
image222,Interior of Restaurant,hiddenhands,"Haifa, Israel",during traffic in my car,10,Night of the eclipse,🍷,84%,-
image223,Tulip Shape,#unseen,"Acre, Israel",riverbank,20,The week before moving out,☀️,76%,-
image224,Graphics,#artifact,"Venice, Italy",park bench,4,31/12/07,☕,-,-
image225,Black and White People,shade_studio,"Hoi An, Vietnam",riverbank,20,Winter of '98,🍷,96%,-
image226,Logo and Design Trends,driftmark,"San Francisco, USA",secluded garden,23,Halloween night,☀️,65%,-
image227,Mermaid Girl Logo,nameless_one,"Budapest, Hungary",during traffic in my car,10,Blue hour in January,🌙,85%,-
image228,Two Men on Court,-,"Bariloche, Argentina",mountain lookout,19,Summer solstice,☕,-,-
image229,Black Bag with Word,pixelnomad,"Pingyao, China",on the rooftop,37,The hottest day of the year,☕,-,-
image23,Building and Orange Sun,ghostline,"Venice, Italy",laundromat corner,29,After the last train,🌙,75%,-
image230,Quote from Movie with Person,#forgotten,"Prague, Czech Republic",backstage dressing room,25,Middle of summer,☀️,57%,-
image231,Woman’s Face with Words,lumenveil,"Nazareth, Israel",attic room,12,First week of college,🍝,80%,-
image232,Person in Pink Hoodie,#fragmented,"Ubud, Indonesia",hotel balcony,28,First snow of 2012,☕,89%,-
image233,Many Types of Furniture,pale_ink,"Budapest, Hungary",backstage dressing room,25,My last day at work,☀️,-,-
image234,Double U Logo,nameless_one,"Chefchaouen, Morocco",abandoned warehouse,17,Midsummer night,🍝,85%,-
image235,White and Blue Striped Towel,#unknown,"Siwa Oasis, Egypt",on the rooftop,37,Day after graduation,🍷,76%,-
image236,T‑Shirt,dusk_drawer,"Haifa, Israel",in bed at midnight,38,Middle of summer,🍝,66%,-
image237,Glass Desk with Two Stools,pale_ink,"Tiberias, Israel",during traffic in my car,10,21/09/99,☕,64%,-
image238,Logo R,#wandering,"Venice, Italy",by the fireplace,13,Day after graduation,🌙,69%,-
image24,Colorful Crayfish with Green,shade_studio,"Chefchaouen, Morocco",mountain lookout,19,21/09/99,-,82%,-
image240,Woman Sitting at Table,#forgotten,-,hotel balcony,28,The hottest day of the year,🍝,53%,-
image241,Black and White Logo,#fragmented,"Jaffa, Israel",beach,3,First snow of 2012,🌙,96%,-
image242,Beyond This Point,#unseen,"Goa, India",beach,3,New Year's Eve 2010,🍝,86%,-
image243,Process of Making by Hand,#unknown,"Safed, Israel",by the fireplace,13,31/12/07,☕,86%,-
image244,Bear Turning Its Head,-,"Rosh Hanikra, Israel",toilet,2,My last day at work,☀️,82%,-
image245,Black and White Man Lying,dusk_drawer,"Acre, Israel",seashore rocks,27,The festival weekend,🍝,-,-
image247,Spider with Woman on Ground,voidsketch,"Tel Aviv, Israel",backstage dressing room,25,04/07/11,☕,74%,-
image248,Hand Reaching Out,#lostfound,"Prague, Czech Republic",empty classroom,32,Early spring 2005,🌙,96%,-
image249,Different Types of Letters,anon,"New Orleans, USA",airport lounge,36,First snow of 2012,🍝,58%,Got inspired by a random playlist shuffle at midnight
image25,"Man, Woman, and Child",#lostfound,"Venice, Italy",mountain lookout,19,Just before sunrise,☀️,97%,-
image250,Two Spheres,pixelnomad,"Dead Sea, Israel",during traffic in my car,10,Winter break,☕,82%,-
image251,Gothic Arch Shape,#forgotten,"Rosh Hanikra, Israel",market square,21,Third week of lockdown,🌙,83%,-
image252,Group with Metal Scaffolding,#unknown,"Jaffa, Israel",riverbank,20,The hottest day of the year,☕,91%,-
image253,Green and Black Sleeping Bag,moonframe,"Prague, Czech Republic",riverbank,20,The week before moving out,🍷,75%,-
image254,Flower on Beach with Person Lying,voidsketch,"Barcelona, Spain",beach,3,Just before sunrise,-,76%,-
image255,Process of Making Felted,shade_studio,"Folegandros, Greece",on the rooftop,37,Halloween night,☕,84%,-
image256,Spiral Pattern on Side,-,"Lamu, Kenya",empty classroom,32,Before the big storm,☀️,63%,-
image257,Different Types of Crabs,midnightbrush,"Valparaíso, Chile",bus seat,7,My last day at work,☀️,97%,-
image258,"Chair, Stool, and Table",-,"Nara, Japan",metro station,8,The festival weekend,☀️,56%,-
image259,Pair of Wooden Puppets,ghostline,"Jerusalem, Israel",park bench,4,Autumn equinox,-,-,-
image26,Tomato Cut in Half,#artifact,"Hallstatt, Austria",forest clearing,35,Full moon in March,☀️,69%,-
image260,Bear and Dog,moonframe,"Bariloche, Argentina",during traffic in my car,10,Autumn equinox,☀️,96%,-
image261,Quote from Book,lumenveil,"Valparaíso, Chile",forest clearing,35,04/07/11,-,87%,-
image262,List of Words and Phrases,anon,"Kathmandu, Nepal",-,1,21/09/99,-,53%,-
image263,Sailboat Floating in the Ocean,driftmark,"Safed, Israel",backstage dressing room,25,Midnight in April,🍷,68%,-
image264,Woman in Canoe on Lake,#artifact,"Eilat, Israel",market square,21,04/07/11,🍷,93%,-
image265,Rocket on the Ground,#lostfound,"Barcelona, Spain",beach,3,-,🍝,74%,-
image266,"Pencil, Snake, and Compass",voidsketch,"Zanzibar, Tanzania",by the fireplace,13,Night of the eclipse,-,100%,-
image267,Letters of the Alphabet,voidsketch,"Jaffa, Israel",during traffic in my car,10,The day we met,☀️,81%,-
image268,Dragon Hand Holding,nameless_one,"Sapa, Vietnam",secluded garden,23,The festival weekend,🍷,99%,-
image269,Octopus in Swimming Pool,inktrace,"Samarkand, Uzbekistan",hotel balcony,28,-,☕,91%,-
image27,Head with Snake,#wandering,"Toronto, Canada",kitchen table,11,One rainy afternoon,☀️,100%,-
image270,Black and White Squares,#unseen,"Caesarea, Israel",kitchen table,11,First week of college,☀️,53%,-
image271,"Plants, Flowers, Birds, and Cat",voidsketch,"Acre, Israel",market square,21,Third week of lockdown,🍝,65%,-
image272,"House, Barn, and Shed",-,"Ubud, Indonesia",during traffic in my car,10,Worst birthday I've ever had,☕,72%,-
image273,Young Black Woman in Beige,#wandering,"Athens, Greece",hidden alleyway,26,The week before moving out,☕,100%,-
image274,Person Riding Skateboard,inktrace,"Acre, Israel",on the rooftop,37,Before the big storm,☀️,52%,-
image275,Chinese Zodiac Sign,dusk_drawer,"Amsterdam, Netherlands",in bed at midnight,38,Winter of '98,🍝,67%,-
image276,Black and White Poster,#fragmented,"Kibbutz Ein Gedi, Israel",desert roadside,18,On my sister's wedding day,🌙,69%,-
image277,Man Sitting on Ground,pixelnomad,"Valparaíso, Chile",office desk corner,6,Autumn equinox,☀️,68%,-
image278,How to Draw a Person,shade_studio,"Reykjavík, Iceland",hotel balcony,28,The day the power went out,☀️,56%,-
image279,Notice: May Not Be,driftmark,"Tel Aviv, Israel",bus seat,7,Middle of summer,☕,87%,-
image28,Spiral Made of Squares,lumenveil,"Jerusalem, Israel",in bed at midnight,38,The festival weekend,🌙,80%,-
image280,Water Lilies and Lotus Flowers,moonframe,"Masada, Israel",toilet,2,Day after graduation,-,74%,-
image281,Egg Falling from Above,anon,"Haifa, Israel",in bed at midnight,38,Early morning in August,🍝,-,-
image282,Woman’s Face with Insect and Handwriting,#lostfound,"Samarkand, Uzbekistan",school hallway,5,04/07/11,-,55%,-
image283,Two People Standing in Front,hiddenhands,"Marrakesh, Morocco",mountain lookout,19,The day the power went out,☕,63%,-
image284,Contents of a Written Manuscript,silent_form,"Luang Prabang, Laos",on the rooftop,37,First snow of 2012,🍷,81%,-
image285,List of Animals,driftmark,"Athens, Greece",airport lounge,36,Full moon in March,🍷,100%,-
image286,Polar Bear and Her Cubs,#wandering,"Marrakesh, Morocco",balcony at sunset,14,After the last train,🌙,-,-
image287,Components of a Vehicle,moonframe,"Dead Sea, Israel",hotel balcony,28,Just before sunrise,-,64%,-
image288,Woman in Red Coat,#unknown,"Chefchaouen, Morocco",empty classroom,32,First week of college,🍝,97%,-
image289,List of Names,#fragmented,"Siwa Oasis, Egypt",dockside pier,34,During the blackout,🍝,-,-
image29,Collage of Woman and Strawberry,#unseen,"Pingyao, China",on the rooftop,37,Autumn equinox,🍷,85%,-
image290,Frog Standing in Front,midnightbrush,"Prague, Czech Republic",metro station,8,New Year's Eve 2010,-,92%,-
image291,Person in Colorful Coat,pixelnomad,"Sapa, Vietnam",hotel balcony,28,Summer solstice,☕,54%,-
image292,Different Types of Waterproof,-,"Haifa, Israel",under the old oak tree,15,First week of college,-,94%,-
image293,Poem Written with Person,ghostline,"Pingyao, China",park bench,4,The day we met,🍝,-,-
image294,Handwritten Letter from President,#artifact,"Haifa, Israel",candlelit room,24,Early morning in August,🍝,98%,-
image295,Japanese Kimono in Blue,#fragmented,"Siwa Oasis, Egypt",museum hallway,33,An endless Sunday,🍝,55%,-
image296,Words: God Bless Love,inktrace,"Chefchaouen, Morocco",dockside pier,34,Summer solstice,🌙,66%,-
image297,Building with Green Doors,inktrace,"Reykjavík, Iceland",kitchen table,11,The week before moving out,☀️,57%,-
image298,Black and White House,midnightbrush,"Bariloche, Argentina",-,1,Summer solstice,🌙,99%,"While listening to a podcast about cults, I started making this"
image299,Pencil Drawing of Young Woman,lumenveil,"Haifa, Israel",bridge at dusk,31,Worst birthday I've ever had,☀️,79%,-
image3,Person Standing on Escalator,silent_form,"Vancouver, Canada",market square,21,Early spring 2005,🍝,100%,-
image30,Group of People Standing,inktrace,"Reykjavík, Iceland",office desk corner,6,On my sister's wedding day,🍝,90%,-
image300,Building with Birds Flying Above,midnightbrush,"Kibbutz Ein Gedi, Israel",seashore rocks,27,Early spring 2005,🍷,54%,-
image301,Ink and Pencil,pixelnomad,"Valparaíso, Chile",secluded garden,23,Day after graduation,-,77%,-
image302,"Charcoal, Graphite, and Ink",silent_form,"Chefchaouen, Morocco",rain-soaked café,16,-,🍝,85%,-
image303,Mermaid and Octopus,dusk_drawer,"Hallstatt, Austria",office desk corner,6,During the blackout,☀️,53%,-
image304,Three Children and a Dog,#unseen,"Nara, Japan",train window seat,22,Early morning in August,-,87%,-
image305,Cat Sleeping on Table,midnightbrush,"Haifa, Israel",during traffic in my car,10,Winter of '98,🌙,64%,Scribbled it during a Zoom meeting I should've paid attention to
image306,Pencil Drawing of Woman,nameless_one,"Valparaíso, Chile",secluded garden,23,First snow of 2012,🌙,92%,-
image307,Field with Grass and Trees,#lostfound,"Fez, Morocco",candlelit room,24,My last day at work,☕,94%,-
image308,Intriguing Visual Composition,#unknown,"Zanzibar, Tanzania",train window seat,22,Middle of summer,-,62%,-
image309,Human Skull,midnightbrush,"Kathmandu, Nepal",airport lounge,36,04/07/11,☕,60%,-
image31,Group of People on Tile,lumenveil,"Folegandros, Greece",during traffic in my car,10,Day after graduation,☕,95%,"Sitting in traffic, I started creating on my phone"
image310,Two Cats Lounging on Couch,lumenveil,"Acre, Israel",school hallway,5,One rainy afternoon,🍷,72%,-
image311,Two Men Sitting on Couch,#unseen,-,office desk corner,6,First snow of 2012,☀️,87%,-
image312,Two People Sitting on Bench,lumenveil,"Valparaíso, Chile",secluded garden,23,On my sister's wedding day,🌙,57%,-
image313,"Cat, Dog, and Man",#fragmented,"Jaffa, Israel",hotel balcony,28,Midsummer night,🍷,-,-
image314,Woman with Her Arms Up,pale_ink,"New York, USA",library window,30,Third week of lockdown,-,75%,-
image315,Pencil Drawing of Woman’s Profile,#unknown,"New York, USA",bridge at dusk,31,Midsummer night,🍷,51%,-
image316,Man and Woman Cover,moonframe,"Masada, Israel",dockside pier,34,The day the power went out,🍝,99%,-
image317,Man Sitting in Chair,pale_ink,"Cusco, Peru",hotel balcony,28,Third week of lockdown,🍷,62%,-
image318,Birthday Cake with Candles and Balloons,lumenveil,"Kathmandu, Nepal",library window,30,31/12/07,-,95%,-
image319,Woman Walking Dog with Note,#unknown,"Pingyao, China",under the old oak tree,15,First week of college,🌙,90%,-
image32,Collage with Ink,ghostline,"Goa, India",balcony at sunset,14,The day we met,☀️,97%,-
image320,Woman with Long Hair and Flower,anon,"Chefchaouen, Morocco",attic room,12,Night of the eclipse,🍝,92%,Painted on a napkin during lunch break
image321,Head of a Rooster,-,"Nazareth, Israel",airport lounge,36,Midsummer night,-,77%,-
image322,Bear Sitting in Grass,ghostline,"Jerusalem, Israel",laundromat corner,29,The day we met,☀️,99%,-
image323,Boar and Pig,dusk_drawer,"Venice, Italy",market square,21,The festival weekend,-,52%,-
image324,Group of Different Bugs,hiddenhands,"Reykjavík, Iceland",on the rooftop,37,Early spring 2005,🌙,83%,-
image325,Pig’s Eyes and Nose,#unseen,"Athens, Greece",dockside pier,34,Midnight in April,-,63%,-
image326,Black and White Woman Leaning,pale_ink,"Kathmandu, Nepal",airport lounge,36,The hottest day of the year,🍝,87%,-
image327,Reflection in Car,inktrace,"Goa, India",desert roadside,18,The day we met,🍷,81%,-
image328,"Monster, Cat, and Dog",#lostfound,"Zanzibar, Tanzania",laundromat corner,29,Third week of lockdown,☀️,64%,-
image329,Large Black Object,silent_form,"Valparaíso, Chile",seashore rocks,27,31/12/07,🍷,51%,-
image33,Woman with Large Head of Hair,lumenveil,"Dead Sea, Israel",riverbank,20,31/12/07,-,83%,-
image330,Various Animals and Plants,lumenveil,"Tiberias, Israel",secluded garden,23,Autumn equinox,🍷,71%,-
image331,Submarine in the Ocean,inktrace,"New York, USA",library window,30,Early morning in August,🍷,98%,-
image332,Carhartt Fall/Winter Collection,pixelnomad,"Oaxaca, Mexico",in bed at midnight,38,The week before moving out,☕,60%,-
image333,State AI,nameless_one,"Mitzpe Ramon, Israel",bridge at dusk,31,An endless Sunday,🍝,67%,-
image334,Signature Romhenin,inktrace,"Acre, Israel",dockside pier,34,Middle of summer,-,96%,-
image336,Interior of Building,#wandering,"Cusco, Peru",museum hallway,33,31/12/07,🍷,73%,-
image337,Woman’s Face Reflected in Water,driftmark,"Kibbutz Ein Gedi, Israel",in bed at midnight,38,31/12/07,🍝,53%,-
image34,Collage in Mixed Media,nameless_one,"Caesarea, Israel",candlelit room,24,Halloween night,🌙,94%,-
image340,Alien with Red Eyes,driftmark,"Jaffa, Israel",bus seat,7,Night of the eclipse,🌙,80%,-
image342,Man with His Mouth Open,#unseen,"Siwa Oasis, Egypt",secluded garden,23,After the last train,☀️,-,-
image343,Black and White Hat,#wandering,"Berlin, Germany",backstage dressing room,25,The hottest day of the year,☕,83%,-
image344,Man in Red Shirt,nameless_one,"Bariloche, Argentina",market square,21,Third week of lockdown,🍝,98%,-
image345,Trees and Sky,silent_form,"Rosh Hanikra, Israel",desert roadside,18,-,🌙,63%,-
image346,Skeleton Reading a Book,midnightbrush,"Goa, India",airport lounge,36,The festival weekend,🍷,69%,-
image347,Woman Holding Spear and Angel,pale_ink,"Masada, Israel",-,1,Middle of summer,🍝,91%,-
image348,Green Alien with Mustache,midnightbrush,"New Orleans, USA",empty classroom,32,Just before sunrise,☀️,64%,-
image349,Two Nuns Holding Light,silent_form,"Tiberias, Israel",candlelit room,24,21/09/99,☕,72%,-
image35,Ink Collage,#unknown,"Samarkand, Uzbekistan",airport lounge,36,Just before sunrise,☕,-,-
image350,Woman’s Face and Eyes,shade_studio,"New Orleans, USA",forest clearing,35,15/05/23,🍝,94%,Tried to draw a cat but it turned into something else
image351,Seagull,lumenveil,"Tel Aviv, Israel",mountain lookout,19,21/09/99,🌙,60%,-
image352,Two Women Kissing,voidsketch,"Kathmandu, Nepal",toilet,2,Worst birthday I've ever had,🌙,91%,-
image353,Cup of Coffee and Book,driftmark,"Athens, Greece",metro station,8,The festival weekend,🌙,51%,-
image354,Group of Cats,moonframe,"Acre, Israel",hotel balcony,28,On my sister's wedding day,🍷,93%,-
image355,Colorful Abstract on White Wall,pale_ink,"Chefchaouen, Morocco",toilet,2,The day we met,🌙,57%,-
image356,Koi Fish and Lily Pads,nameless_one,"Masada, Israel",seashore rocks,27,15/05/23,🍝,-,-
image357,Group Walking Down Street,#artifact,"Samarkand, Uzbekistan",bar counter,9,Before the big storm,🍝,96%,-
image358,Young Girl Holding Rabbit,#unseen,"Venice, Italy",candlelit room,24,After the last train,-,-,-
image359,Man in Tank Top,pixelnomad,"Budapest, Hungary",park bench,4,Early morning in August,☀️,60%,-
image36,Black Man with Afro Hairstyle,pixelnomad,"Vancouver, Canada",mountain lookout,19,Early spring 2005,-,92%,-
image360,Landscape with Power Lines,#wandering,"Bariloche, Argentina",during traffic in my car,10,Summer solstice,☀️,51%,-
image361,Group Holding Hands,driftmark,"San Francisco, USA",on the rooftop,37,Just before sunrise,-,91%,-
image362,Woman Standing in Open,lumenveil,"Caesarea, Israel",library window,30,15/05/23,☕,92%,-
image363,Hand and Clock,anon,-,library window,30,Summer solstice,🍝,89%,-
image364,Woman Holding Paintbrush,#forgotten,"Chefchaouen, Morocco",by the fireplace,13,New Year's Eve 2010,-,80%,-
image365,Woman Wearing Turban,silent_form,"Hoi An, Vietnam",candlelit room,24,Winter of '98,🌙,91%,-
image366,Face of Young Girl,hiddenhands,"Marrakesh, Morocco",bus seat,7,Autumn equinox,🍝,82%,-
image367,Man Sitting at Table with Woman,#wandering,"Reykjavík, Iceland",hidden alleyway,26,31/12/07,🍝,72%,-
image368,Tissue Box,#unseen,"Oaxaca, Mexico",bus seat,7,Third week of lockdown,☕,91%,-
image369,Pencil Head on Pedestal,midnightbrush,"Hallstatt, Austria",balcony at sunset,14,31/12/07,-,67%,-
image37,Christmas Tree Ornaments and Envelope,ghostline,"Marrakesh, Morocco",balcony at sunset,14,Midsummer night,🍝,50%,-
image370,Paint It,#fragmented,"Kibbutz Ein Gedi, Israel",library window,30,Worst birthday I've ever had,🍷,78%,-
image371,Variety of Objects Including Flowers,inktrace,"Berlin, Germany",under the old oak tree,15,Worst birthday I've ever had,-,97%,-
image372,Book with Various Animals,pixelnomad,"Nara, Japan",train window seat,22,Last June,🌙,86%,-
image373,"Alien, Bird, and Cat",anon,"Athens, Greece",bar counter,9,First week of college,🍝,99%,-
image374,Series of People,#wandering,"Takayama, Japan",mountain lookout,19,04/07/11,🍝,-,-
image375,Woman and Child,#unknown,"Montreal, Canada",-,1,Full moon in March,☕,62%,-
image376,Woman Wearing Hat and Scarf,#unseen,"Amsterdam, Netherlands",desert roadside,18,15/05/23,☕,80%,-
image377,Faces of Two Men,#fragmented,"Haifa, Israel",train window seat,22,Halloween night,🍝,68%,-
image378,Hand and Finger,shade_studio,"Athens, Greece",school hallway,5,Just before sunrise,☀️,87%,-
image379,Woman Sitting Under Tree,midnightbrush,"Berlin, Germany",backstage dressing room,25,Third week of lockdown,☀️,62%,-
image38,Interior of Large Room,nameless_one,"Caesarea, Israel",on the rooftop,37,An endless Sunday,-,73%,-
image380,Man on Horseback in Desert,#lostfound,"Oaxaca, Mexico",forest clearing,35,Just before sunrise,🌙,98%,-
image381,Child’s Face on Billboard,#unseen,-,abandoned warehouse,17,Last June,🌙,55%,-
image382,Black and White Monster,hiddenhands,"Sapa, Vietnam",during traffic in my car,10,Worst birthday I've ever had,☕,65%,-
image383,Jellyfish Suspended in Air,inktrace,"Sapa, Vietnam",balcony at sunset,14,Full moon in March,-,86%,-
image384,Variety of Red Objects,#forgotten,"San Francisco, USA",secluded garden,23,Full moon in March,🌙,84%,-
image385,Man and Woman Sitting on Bench,#forgotten,"Nazareth, Israel",-,1,Winter of '98,🌙,86%,-
image386,Hand Holding Embroidery,-,"Nazareth, Israel",dockside pier,34,Third week of lockdown,🌙,73%,-
image387,Shadow of Joshua Tree,lumenveil,"Vancouver, Canada",school hallway,5,My last day at work,🍝,83%,-
image388,Man in Suit and Tie,hiddenhands,"Sapa, Vietnam",during traffic in my car,10,Autumn equinox,☕,66%,-
image389,Woman with Sunglasses and Speech Bubble,#fragmented,"Acre, Israel",candlelit room,24,First week of college,☀️,63%,-
image39,Flower on Beach with Man Lying,#unseen,"Lisbon, Portugal",dockside pier,34,Summer solstice,☀️,99%,-
image390,Man with Bow Tie,shade_studio,"Bariloche, Argentina",beach,3,31/12/07,☀️,65%,-
image391,Man Wearing Blue Track Jacket,#fragmented,-,dockside pier,34,An endless Sunday,🌙,71%,-
image392,Girl with Glasses,pixelnomad,"Marrakesh, Morocco",riverbank,20,Winter break,-,65%,-
image393,Man in Chef’s Hat Holding,#lostfound,"Ubud, Indonesia",market square,21,Worst birthday I've ever had,🌙,-,-
image394,Man in Suit and Tie,dusk_drawer,"Reykjavík, Iceland",rain-soaked café,16,The day we met,🌙,65%,-
image395,Girl with Green Hair,-,"Valparaíso, Chile",museum hallway,33,Day after graduation,🌙,67%,-
image396,"Cat, Bird, and Pig",midnightbrush,"Amsterdam, Netherlands",school hallway,5,The day we met,-,60%,-
image397,People with Skateboarder,#artifact,"Acre, Israel",backstage dressing room,25,04/07/11,🌙,60%,-
image398,Black and White Clock,ghostline,"Ubud, Indonesia",empty classroom,32,Halloween night,🍝,87%,-
image399,Collage of People and Animals,#forgotten,"Tel Aviv, Israel",during traffic in my car,10,Before the big storm,🍝,73%,-
image4,Woman and Man,nameless_one,"Reykjavík, Iceland",hotel balcony,28,Worst birthday I've ever had,☕,61%,-
image40,Some Different Types,#artifact,"Masada, Israel",market square,21,21/09/99,🌙,96%,-
image400,Woman and Butterfly,#wandering,"Lisbon, Portugal",abandoned warehouse,17,Autumn equinox,☀️,52%,-
image401,Variety of People Including Man,#wandering,"Samarkand, Uzbekistan",secluded garden,23,Halloween night,-,93%,-
image402,Woman in Jeans with Bird,voidsketch,"Tel Aviv, Israel",forest clearing,35,Before the big storm,☕,-,I found an old notebook and decided to draw over my school notes
image403,Various Animals Including Dog,lumenveil,"Takayama, Japan",dockside pier,34,Winter of '98,🌙,51%,-
image404,Violinist and Orchestra Conductor,lumenveil,"Hallstatt, Austria",-,1,Middle of summer,🌙,96%,-
image405,People Dancing with Squirrel and Guitar,#unknown,"Luang Prabang, Laos",on the rooftop,37,First snow of 2012,☕,82%,-
image406,Man with Flowers and Woman Sitting,moonframe,"Masada, Israel",on the rooftop,37,After the last train,🍷,71%,-
image407,Woman with Sunglasses,dusk_drawer,"Zanzibar, Tanzania",bridge at dusk,31,The week before moving out,☕,97%,-
image408,Woman in Dress with Man with Beard,#forgotten,"Eilat, Israel",laundromat corner,29,One rainy afternoon,☕,71%,-
image409,How to Calculate Volume,#lostfound,"Goa, India",seashore rocks,27,An endless Sunday,🍝,82%,-
image41,African Woman Wearing Hat,#forgotten,"Luang Prabang, Laos",empty classroom,32,My last day at work,-,80%,-
image410,Bird and Words,anon,"Luang Prabang, Laos",metro station,8,Third week of lockdown,☕,79%,-
image411,Woman with Red and Blue Hands,ghostline,"Siwa Oasis, Egypt",secluded garden,23,Winter of '98,☀️,82%,I created it while waiting for my laundry
image412,Red and Yellow Clown Holding,hiddenhands,"Chefchaouen, Morocco",airport lounge,36,31/12/07,-,74%,-
image413,Various Types of Plants,shade_studio,"Athens, Greece",candlelit room,24,The day the power went out,☀️,89%,-
image414,Fish on Top of Man’s Head,#fragmented,"New Orleans, USA",forest clearing,35,15/05/23,☕,56%,-
image415,Man with Beard,lumenveil,"Samarkand, Uzbekistan",desert roadside,18,Winter break,☀️,100%,-
image416,Red and Blue Eyes,#unseen,"Hoi An, Vietnam",hotel balcony,28,Last June,🍷,95%,-
image417,Two Women’s Faces,ghostline,"Takayama, Japan",mountain lookout,19,Third week of lockdown,-,50%,-
image418,Anatomy of Woman’s Head,pixelnomad,"Valparaíso, Chile",desert roadside,18,Last June,🍷,50%,-
image419,Woman with Tentacles on Her Face,ghostline,"New Orleans, USA",bar counter,9,My last day at work,☀️,96%,-
image420,Black and White Poster,dusk_drawer,"Oaxaca, Mexico",toilet,2,On my sister's wedding day,☀️,67%,-
image421,Different Types of Stencils,#artifact,"Toronto, Canada",library window,30,Halloween night,☕,84%,-
image422,"Ink, Graphite, and Charcoal",pixelnomad,"Chefchaouen, Morocco",beach,3,Winter break,☕,79%,-
image423,Woman with Her Mouth Open,ghostline,"Vancouver, Canada",riverbank,20,After the last train,🍷,74%,-
image424,Doodles and Stickers,lumenveil,"New York, USA",library window,30,Summer solstice,🍷,59%,-
image425,Doodles and Stickers,#wandering,"Takayama, Japan",seashore rocks,27,The day we met,🍝,80%,-
image426,Doodle of Cat and Hand Holding,-,"Lamu, Kenya",attic room,12,Early spring 2005,☀️,62%,-
image427,Group of Children Sitting,hiddenhands,"Nazareth, Israel",museum hallway,33,Winter of '98,🍝,-,-
image428,Space Station and Other Objects,#lostfound,"Valparaíso, Chile",market square,21,Third week of lockdown,-,72%,-
image429,Heart and Compass,lumenveil,"Reykjavík, Iceland",park bench,4,During the blackout,-,97%,-
image430,Heart-Shaped Object,nameless_one,"Venice, Italy",school hallway,5,The day the power went out,🍷,77%,-
image431,Knitted Sign with Words,dusk_drawer,"Ubud, Indonesia",empty classroom,32,Early morning in August,🍷,55%,-
image432,Spaceship,#lostfound,"Jerusalem, Israel",hidden alleyway,26,Last June,-,92%,-
image433,Two Cats Looking,shade_studio,"Rome, Italy",metro station,8,During the blackout,☀️,64%,-
image434,Various Objects Including Wand,dusk_drawer,"Nara, Japan",school hallway,5,After the last train,☀️,89%,-
image435,Orange Cat with Tie,#lostfound,"Barcelona, Spain",airport lounge,36,-,🍷,-,Couldn't fall asleep during vacation so I made this
image436,Variety of Fish and Plants,#forgotten,"Safed, Israel",by the fireplace,13,New Year's Eve 2010,☕,89%,-
image437,Dead People and Dead Animals,midnightbrush,"Hoi An, Vietnam",by the fireplace,13,First week of college,🍝,-,-
image438,"Gun, Pencil, and Calculator",#wandering,"Tel Aviv, Israel",on the rooftop,37,Midsummer night,☕,71%,-
image439,AK‑47 Rifle and Machine Gun,moonframe,"Lamu, Kenya",hotel balcony,28,Full moon in March,☀️,-,-
image440,"Cat’s Eyes, Whiskers, and Ears",lumenveil,"Reykjavík, Iceland",balcony at sunset,14,After the last train,☀️,97%,-
image441,Orange Tabby Cat in Yellow,pixelnomad,"Tel Aviv, Israel",park bench,4,My last day at work,☀️,76%,Made this during a blackout by candlelight
image442,Young Black Man Wearing White,voidsketch,"Montreal, Canada",school hallway,5,Winter break,🍝,71%,-
image443,Cat with Green Eyes,#unknown,"San Francisco, USA",toilet,2,Midsummer night,🍷,84%,-
image444,Cat Lying in Flower Bed,#lostfound,"Berlin, Germany",airport lounge,36,Night of the eclipse,🍝,58%,-
image445,Cat with Blue Eyes,pixelnomad,"Eilat, Israel",empty classroom,32,Summer solstice,🌙,51%,-
image446,Cross‑Stitch Pigeon,midnightbrush,"Athens, Greece",museum hallway,33,Early morning in August,🍝,81%,-
image447,Child’s Face with Rainbow,voidsketch,"Takayama, Japan",seashore rocks,27,The festival weekend,🍷,84%,-
image448,Hand Holding Cross‑Stitch,#fragmented,"Budapest, Hungary",train window seat,22,My last day at work,-,89%,-
image449,Bearded Man with Hat,driftmark,"Tiberias, Israel",beach,3,Midsummer night,🌙,50%,-
image450,Horse and Pencil,inktrace,"Tel Aviv, Israel",park bench,4,15/05/23,🍷,83%,-
image451,Woman in Long Dress,pale_ink,"Jerusalem, Israel",empty classroom,32,Middle of summer,🌙,99%,-
image452,Man Wearing T‑Shirt,silent_form,"Budapest, Hungary",laundromat corner,29,The festival weekend,-,100%,-
image453,Palm Tree in Front,driftmark,"Fez, Morocco",-,1,Blue hour in January,🌙,51%,-
image454,Potted Palm Tree,pale_ink,"Rosh Hanikra, Israel",mountain lookout,19,The hottest day of the year,☕,50%,Couldn't fall asleep while on holiday so I crafted this
image455,Two Red and Blue Mice,dusk_drawer,"Acre, Israel",dockside pier,34,Just before sunrise,🍝,99%,-
image456,Pair of Red Birds,ghostline,"Siwa Oasis, Egypt",during traffic in my car,10,Winter break,-,89%,-
image457,Two Bunnies on Top,pixelnomad,"Athens, Greece",candlelit room,24,31/12/07,🍝,88%,-
image458,Pencil Drawing of Naked Man Holding Sword,-,"Masada, Israel",bar counter,9,Before the big storm,-,-,-
image459,Chair and Open Book,#unseen,"Amsterdam, Netherlands",office desk corner,6,04/07/11,☀️,98%,-
image460,Vintage Postcard Featuring Woman,#forgotten,"Cusco, Peru",toilet,2,Worst birthday I've ever had,-,94%,-
image461,Snake and Star,#unknown,"Zanzibar, Tanzania",candlelit room,24,Midsummer night,-,61%,-
image462,Bottle of Shampoo Pair,#artifact,"Folegandros, Greece",seashore rocks,27,The hottest day of the year,🌙,95%,-
image463,Kitchen with Person Holding,ghostline,"Prague, Czech Republic",balcony at sunset,14,Middle of summer,☕,-,-
image464,Man on Rock with Bird,voidsketch,"Athens, Greece",on the rooftop,37,The week before moving out,☕,55%,Created this after a strange dream
image465,Embroidered Pomegranate in Blue Hoop,lumenveil,"Amsterdam, Netherlands",secluded garden,23,The hottest day of the year,🍝,71%,-
image466,Monkey Riding on Back,hiddenhands,"Venice, Italy",secluded garden,23,31/12/07,🍝,67%,-
image467,Pile with Typewriter and Ink,anon,"Kyoto, Japan",-,1,The hottest day of the year,☕,76%,-
image468,Variety of Items on Table,#fragmented,"Rosh Hanikra, Israel",kitchen table,11,Night of the eclipse,-,74%,-
image470,Orchid Flower,lumenveil,"Siwa Oasis, Egypt",toilet,2,-,-,81%,-
image471,Woman with Her Hand in Front,#wandering,"Toronto, Canada",during traffic in my car,10,Night of the eclipse,🍷,59%,-
image472,Red Jacket Hanging,voidsketch,"Bariloche, Argentina",riverbank,20,Blue hour in January,-,79%,Created this after too much coffee in the middle of the night
image473,Logo with “Oops Try”,moonframe,"Dead Sea, Israel",hotel balcony,28,Midsummer night,-,63%,-
image474,Book with Various Symbols,moonframe,"Prague, Czech Republic",seashore rocks,27,Before the big storm,🌙,99%,-
image475,Work of Artist with Person,-,"Pingyao, China",riverbank,20,The day we met,-,63%,-
image476,Woman with Long Hair and Phone,#artifact,"Berlin, Germany",metro station,8,During the blackout,☀️,-,-
image477,Black and White Building,pale_ink,"Siwa Oasis, Egypt",office desk corner,6,Worst birthday I've ever had,🍷,59%,-
image478,Three Different Types of Fruit,#lostfound,"Barcelona, Spain",park bench,4,Autumn equinox,🍷,-,-
image479,Word “Reno” in Blue,inktrace,"New York, USA",secluded garden,23,Last June,☀️,89%,-
image480,Words “Caring Oxford” with Woman in Park,#wandering,"Lisbon, Portugal",dockside pier,34,First week of college,🌙,65%,-
image481,Group of People Walking,pixelnomad,"San Francisco, USA",park bench,4,-,☀️,82%,-
image482,Blue Word “45”,inktrace,"Budapest, Hungary",toilet,2,Before the big storm,-,55%,-
image485,Leaf and Book,lumenveil,"Pingyao, China",balcony at sunset,14,Halloween night,☕,65%,-
image486,Person’s Hand Holding Doll,#wandering,"Bariloche, Argentina",by the fireplace,13,04/07/11,🍷,98%,-
image487,Ornate Design Inside,nameless_one,"Valparaíso, Chile",school hallway,5,Winter break,☀️,63%,-
image488,Two People Holding Fish,anon,"Siwa Oasis, Egypt",hotel balcony,28,My last day at work,☀️,81%,-
image489,Two Birds Facing Each Other,moonframe,"Kyoto, Japan",metro station,8,The day we met,🍷,72%,-
image490,Ship in Fog,ghostline,"Zanzibar, Tanzania",mountain lookout,19,My last day at work,🍝,100%,-
image491,Cicada,silent_form,"Rome, Italy",hotel balcony,28,21/09/99,🌙,87%,-
image492,Cicada on Tree Branch,#fragmented,"Vancouver, Canada",library window,30,-,-,-,Created while listening to a podcast about cults
image493,Pencil Drawing of Old Typewriter,dusk_drawer,"Takayama, Japan",in bed at midnight,38,The day the power went out,🍷,87%,-
image494,Axes with Handle,#unknown,"Barcelona, Spain",empty classroom,32,Just before sunrise,☀️,-,-
image495,Cactus,voidsketch,"Lisbon, Portugal",seashore rocks,27,Summer solstice,🌙,77%,-
image496,Succulents in Pot,dusk_drawer,"Paris, France",rain-soaked café,16,Third week of lockdown,🍷,54%,-
image497,White Wall,moonframe,"Goa, India",library window,30,04/07/11,🌙,92%,-
image498,T‑Shirt Hanging,#wandering,"Ubud, Indonesia",seashore rocks,27,The hottest day of the year,🍷,88%,-
image499,Wristwatch,lumenveil,"Kathmandu, Nepal",empty classroom,32,One rainy afternoon,🌙,62%,-
image5,Boy Holding Frog,lumenveil,"Haifa, Israel",desert roadside,18,One rainy afternoon,🍷,55%,-
image500,Frog with Large Eyes,#fragmented,"Oaxaca, Mexico",desert roadside,18,Last June,🍷,52%,-
image501,Skull in Purple and Blue,voidsketch,"Valparaíso, Chile",on the rooftop,37,Full moon in March,🍷,90%,-
image502,Plate with Food and Fork,#lostfound,"Barcelona, Spain",by the fireplace,13,15/05/23,☀️,94%,-
image503,"Palm Tree, Rock, and Beach",#unknown,"Paris, France",school hallway,5,Midnight in April,☕,96%,Crafted this when the power went out under candlelight
image504,Black and White Woman,#unknown,"Montreal, Canada",beach,3,The hottest day of the year,☀️,53%,-
image505,Cat with Its Mouth Open,#lostfound,"Pingyao, China",backstage dressing room,25,Early morning in August,🍝,75%,-
image506,Chocolate and Chopsticks,shade_studio,"Safed, Israel",market square,21,Summer solstice,☕,81%,-
image507,Object in Frame,pale_ink,"Safed, Israel",bus seat,7,Summer solstice,-,-,-
image508,Three People Sitting on Blanket,-,"Oaxaca, Mexico",kitchen table,11,04/07/11,🌙,82%,-
image509,Man Sitting on Floor,dusk_drawer,"Rome, Italy",office desk corner,6,Winter of '98,🍝,82%,-
image510,Black and White Man,driftmark,"Pingyao, China",kitchen table,11,The day we met,☕,54%,-
image511,Man in Blue Shirt,#unknown,"Safed, Israel",train window seat,22,Third week of lockdown,☕,73%,-
image512,Large Mound in Middle,anon,"Samarkand, Uzbekistan",forest clearing,35,First snow of 2012,🌙,74%,-
image513,Blue Laptop on White Surface,moonframe,"Amsterdam, Netherlands",train window seat,22,Just before sunrise,☕,87%,-
image514,Work by Jojo Gilberto,#unseen,"Acre, Israel",-,1,Before the big storm,🌙,75%,-
image515,Woman in Hat,ghostline,"Paris, France",library window,30,Middle of summer,🌙,91%,-
image516,Person Lying on Ground,#artifact,"Hallstatt, Austria",balcony at sunset,14,One rainy afternoon,☕,-,-
image517,Yellow and White Geometric Pattern,#lostfound,"Marrakesh, Morocco",abandoned warehouse,17,On my sister's wedding day,☕,81%,-
image518,Pair of Spiral Galaxies,#fragmented,"Prague, Czech Republic",metro station,8,Early morning in August,-,76%,-
image519,Circular Metal Plate,ghostline,"Rome, Italy",metro station,8,Worst birthday I've ever had,☕,55%,-
image520,Circular Structure in Middle,#unseen,"Masada, Israel",under the old oak tree,15,The festival weekend,🌙,81%,-
image521,Three Dogs and One Puppy,#fragmented,"Fez, Morocco",backstage dressing room,25,31/12/07,🍝,98%,-
image522,Silhouette of Dog Walking,hiddenhands,"Amsterdam, Netherlands",bar counter,9,Winter of '98,☀️,67%,-
image523,Two People Standing Next to Each Other,moonframe,"Toronto, Canada",under the old oak tree,15,Winter break,🍷,64%,-
image524,Nude Woman Sitting on Chair,#artifact,"Sapa, Vietnam",during traffic in my car,10,The day we met,-,90%,-
image525,Stamp with Two Doves,voidsketch,"Chefchaouen, Morocco",mountain lookout,19,New Year's Eve 2010,-,69%,-
image526,Bronze Plaque with Head,#unknown,"Marrakesh, Morocco",on the rooftop,37,New Year's Eve 2010,☀️,95%,-
image527,Group of Different People,#fragmented,"Prague, Czech Republic",balcony at sunset,14,The day the power went out,🍝,66%,-
image528,Two Boys Standing Next to Each Other,moonframe,"Cusco, Peru",bus seat,7,Worst birthday I've ever had,☀️,53%,-
image529,Face of a Woman,voidsketch,"Dead Sea, Israel",riverbank,20,The festival weekend,-,88%,-
image530,Variety of Shapes and Colors,moonframe,"Budapest, Hungary",abandoned warehouse,17,Early spring 2005,🍝,62%,-
image531,Stack of Books,#wandering,"Sapa, Vietnam",forest clearing,35,The week before moving out,☀️,63%,-
image532,Two People in a Boat,lumenveil,"Montreal, Canada",in bed at midnight,38,Blue hour in January,🍝,75%,-
image533,Pink and Green Stars on Black,#forgotten,"Amsterdam, Netherlands",beach,3,Third week of lockdown,🍝,84%,-
image534,Building Number 6,dusk_drawer,"Mitzpe Ramon, Israel",school hallway,5,Just before sunrise,☕,60%,-
image535,Man and Dog,#wandering,"Valparaíso, Chile",dockside pier,34,Midsummer night,🍷,64%,-
image536,Woman Walking Her Dog in Israel,voidsketch,"Caesarea, Israel",secluded garden,23,On my sister's wedding day,🍷,76%,-
image537,Pair of Legs,#unknown,"San Francisco, USA",museum hallway,33,Early morning in August,🍝,98%,-
image538,Word “Reflection”,#unseen,"Dead Sea, Israel",secluded garden,23,The day the power went out,-,99%,-
image539,Words with Space Between,#wandering,"Goa, India",by the fireplace,13,Early morning in August,🌙,68%,-
image54,Man Lying on Grass,dusk_drawer,"Takayama, Japan",kitchen table,11,The festival weekend,-,70%,-
image540,Lizard on Calendar,midnightbrush,"Takayama, Japan",bar counter,9,15/05/23,🍷,88%,-
image541,Three Skeletons,#wandering,"Jerusalem, Israel",museum hallway,33,The week before moving out,☀️,64%,-
image542,Man Holding Sword,-,"San Francisco, USA",laundromat corner,29,Autumn equinox,🍝,62%,-
image543,Man Holding Sword,moonframe,"Kathmandu, Nepal",metro station,8,04/07/11,🍷,94%,-
image544,Man with Red Face and Green,silent_form,"Rome, Italy",desert roadside,18,During the blackout,🍷,81%,-
image545,"Pencils, Scissors, and Other Items",#unseen,"Marrakesh, Morocco",rain-soaked café,16,Early spring 2005,🌙,-,-
image546,Contents of Old Book,-,"Kathmandu, Nepal",riverbank,20,Midnight in April,🍷,91%,-
image547,Work by Nouvel Ninn,moonframe,"Berlin, Germany",desert roadside,18,Just before sunrise,🍝,95%,-
image548,Iguana Next to Fruit,ghostline,"New York, USA",by the fireplace,13,New Year's Eve 2010,🌙,90%,-
image549,Abstract Church,hiddenhands,"Rome, Italy",riverbank,20,Midnight in April,☕,83%,-
image550,Man and Woman in Park,#artifact,"Samarkand, Uzbekistan",candlelit room,24,Blue hour in January,🍷,100%,-
image551,"Red, Yellow, and Blue Swirls",shade_studio,"Kibbutz Ein Gedi, Israel",under the old oak tree,15,The day the power went out,☀️,79%,-
image552,Black and White Beetle,dusk_drawer,"Lamu, Kenya",rain-soaked café,16,During the blackout,-,86%,-
image553,Three Vases on Table,midnightbrush,"San Francisco, USA",riverbank,20,The week before moving out,🍷,95%,-
image554,Swimming in Water,-,"Takayama, Japan",empty classroom,32,31/12/07,☕,63%,-
image555,Various Types of Drinks,#fragmented,"Kyoto, Japan",market square,21,Halloween night,🍷,75%,-
image556,Pencils and Scissors,#forgotten,"Caesarea, Israel",forest clearing,35,New Year's Eve 2010,☕,60%,-
image557,Dog,#lostfound,"Pingyao, China",bar counter,9,My last day at work,🍷,87%,-
image558,Ink and Gouache,midnightbrush,"Paris, France",metro station,8,Winter break,🍝,-,-
image559,Boat on Water,hiddenhands,"San Francisco, USA",laundromat corner,29,Winter of '98,☕,53%,-
image560,Words “Special Sale”,inktrace,"Valparaíso, Chile",metro station,8,Winter break,☕,92%,This piece emerged after spilling ink and going with it
image561,Cat Wearing a Wreath of Flowers,#wandering,"Hallstatt, Austria",school hallway,5,During the blackout,🌙,-,-
image562,Variety of Squares and Rectangles,moonframe,"Acre, Israel",candlelit room,24,First snow of 2012,🍝,70%,-
image563,Butterfly Postcard,pale_ink,"Acre, Israel",seashore rocks,27,Before the big storm,-,88%,-
image564,"Cat, Dog, and Girl",ghostline,"Siwa Oasis, Egypt",by the fireplace,13,New Year's Eve 2010,🍷,57%,-
image565,Crocodile with Coffee Cup,nameless_one,"Prague, Czech Republic",desert roadside,18,One rainy afternoon,🌙,62%,-
image566,Two Black Chairs,#unknown,"Rome, Italy",in bed at midnight,38,The hottest day of the year,☕,78%,-
image567,Multicolored Dragon Wings,ghostline,"Fez, Morocco",hidden alleyway,26,One rainy afternoon,🍷,92%,-
image568,"Banana, Apple, and Onion",hiddenhands,"Rosh Hanikra, Israel",-,1,One rainy afternoon,-,87%,-
image569,Person with Surfboard,ghostline,"Barcelona, Spain",park bench,4,04/07/11,🍷,-,-
image57,Colorful Bird on Top,nameless_one,"Barcelona, Spain",riverbank,20,During the blackout,☀️,92%,-
image570,Variety of Kitchen Utensils,driftmark,"Tiberias, Israel",under the old oak tree,15,Winter of '98,☀️,-,-
image571,Squares and Rectangles,pixelnomad,"Prague, Czech Republic",museum hallway,33,One rainy afternoon,🍷,100%,-
image572,Different Parts of Jackfruit,#wandering,"Hallstatt, Austria",bridge at dusk,31,31/12/07,☕,63%,-
image573,Woman and Dove with Star,#wandering,"Chefchaouen, Morocco",seashore rocks,27,Early morning in August,-,96%,-
image574,Blue and Pink Scarf,-,"Acre, Israel",desert roadside,18,New Year's Eve 2010,🌙,63%,Inspired by a random playlist shuffle at midnight
image575,Man with Hat on His Head,ghostline,"Athens, Greece",beach,3,Third week of lockdown,🍝,62%,-
image576,Black and White Bridge,#lostfound,"Cusco, Peru",secluded garden,23,After the last train,🍝,66%,-
image577,Man and Woman,dusk_drawer,"Sapa, Vietnam",kitchen table,11,04/07/11,☕,79%,-
image578,Table and Chair,#lostfound,"Rosh Hanikra, Israel",hidden alleyway,26,Midnight in April,🍷,66%,-
image579,Map of City in Black,#forgotten,"Marrakesh, Morocco",laundromat corner,29,Early spring 2005,🍝,70%,-
image58,"Hummus, Falafel, Tahini, and Kibbeh",#unknown,"Marrakesh, Morocco",hotel balcony,28,Early spring 2005,☕,87%,I was bored in the office and that's what came out
image580,Variety of Fruits and Vegetables,-,"Safed, Israel",secluded garden,23,During the blackout,🌙,93%,-
image581,Design Quilt,#forgotten,"Bariloche, Argentina",seashore rocks,27,First snow of 2012,🍝,78%,-
image582,"Cake, Ice Cream, and Pie",driftmark,"Jaffa, Israel",airport lounge,36,04/07/11,🍝,88%,-
image583,Circular Hut,#lostfound,"Acre, Israel",dockside pier,34,My last day at work,🍷,-,-
image584,"Man, Woman, and Dog",lumenveil,"Goa, India",market square,21,Full moon in March,☀️,86%,-
image585,Spider Web with Arrow and Heart,#wandering,"Hallstatt, Austria",riverbank,20,On my sister's wedding day,☀️,83%,Made this after seeing a weird dream
image586,Palm Trees on Beach,driftmark,"Acre, Israel",bus seat,7,First week of college,🍷,85%,-
image587,Circle with Different Pixels,#wandering,"Haifa, Israel",empty classroom,32,The week before moving out,🍷,-,-
image588,"Clocks, Flowers, and Clock Tower",voidsketch,"Pingyao, China",kitchen table,11,On my sister's wedding day,☀️,90%,-
image589,Abstract Bird in Bowl,nameless_one,"Montreal, Canada",bridge at dusk,31,Summer solstice,🌙,72%,-
image59,Pixelated Eye in Pink,driftmark,"Jerusalem, Israel",rain-soaked café,16,Last June,🍷,60%,-
image590,Variety of Geometric Shapes,-,"Hoi An, Vietnam",in bed at midnight,38,15/05/23,🍝,-,I created it right after my ex dumped me
image591,Silhouette of Man,pale_ink,"Bariloche, Argentina",train window seat,22,31/12/07,🍝,93%,-
image592,Green Praying Mantis with Red,#wandering,"Marrakesh, Morocco",empty classroom,32,First snow of 2012,🌙,54%,-
image593,Letter T with Different Elements,moonframe,"Oaxaca, Mexico",park bench,4,Just before sunrise,🌙,62%,-
image594,Town Buildings by Water,-,"Oaxaca, Mexico",hotel balcony,28,During the blackout,☀️,59%,-
image595,Square Made of Colored Pieces,#lostfound,"Budapest, Hungary",on the rooftop,37,My last day at work,-,53%,-
image596,Variety of Colorful Sea Creatures,silent_form,"Lisbon, Portugal",rain-soaked café,16,During the blackout,☀️,-,I made it right after my ex dumped me
image597,"Red, Blue, and Yellow Abstract",pale_ink,"Luang Prabang, Laos",library window,30,New Year's Eve 2010,☀️,-,I found inspiration from a stranger's conversation at the café
image598,Variety of Abstract Patterns,-,"Rome, Italy",-,1,Early morning in August,🍷,60%,-
image599,Blue Circles with Black Lines,nameless_one,"Luang Prabang, Laos",during traffic in my car,10,Just before sunrise,🍷,74%,-
image6,Man Standing in Front of Tent,nameless_one,"Kathmandu, Nepal",desert roadside,18,Blue hour in January,🍝,85%,-
image600,"Banana, Apple, and Hat",lumenveil,"Kibbutz Ein Gedi, Israel",backstage dressing room,25,Halloween night,🍷,95%,-
image601,Red and Gold Letter S,#artifact,"Mitzpe Ramon, Israel",office desk corner,6,New Year's Eve 2010,🍷,62%,-
image602,Hand with Person,anon,"Berlin, Germany",rain-soaked café,16,Early spring 2005,🌙,67%,-
image603,Outline of Woman’s Head,moonframe,"Rosh Hanikra, Israel",train window seat,22,My last day at work,🌙,82%,-
image604,Group of Sheep in Yellow,#wandering,"Montreal, Canada",forest clearing,35,First snow of 2012,☕,90%,-
image605,Ink Calligraphy in White,midnightbrush,"Masada, Israel",in bed at midnight,38,Early spring 2005,☀️,71%,-
image606,"Fish, Flowers, and Other Colors",#lostfound,"Folegandros, Greece",attic room,12,Third week of lockdown,-,98%,-
image607,Variety of Cartoon Characters,inktrace,"Marrakesh, Morocco",train window seat,22,Worst birthday I've ever had,☕,61%,-
image608,"Fire, Flames, and Smoke",#wandering,"Barcelona, Spain",museum hallway,33,04/07/11,🍝,79%,-
image609,"Man, Woman, and Dog",moonframe,"Marrakesh, Morocco",by the fireplace,13,New Year's Eve 2010,☀️,89%,-
image61,Woman with Long Black Hair,#forgotten,"Vancouver, Canada",beach,3,Worst birthday I've ever had,☕,72%,-
image610,Man on Top of Rock,voidsketch,"Nara, Japan",desert roadside,18,During the blackout,🍷,72%,-
image611,Pig,voidsketch,"Caesarea, Israel",hidden alleyway,26,The day we met,🍝,82%,-
image612,Hand Holding Pen with Handwriting,#unknown,"Safed, Israel",during traffic in my car,10,Full moon in March,☕,50%,-
image613,Man Crying in Front of Group,hiddenhands,"Acre, Israel",balcony at sunset,14,During the blackout,🍷,58%,-
image614,"Stars, Flowers, and Constellations",#wandering,"Kathmandu, Nepal",hotel balcony,28,Midnight in April,☕,82%,-
image615,Black and White Nut,pale_ink,"Jerusalem, Israel",abandoned warehouse,17,The hottest day of the year,🍷,-,-
image616,Different Types of Windows,pixelnomad,"Marrakesh, Morocco",during traffic in my car,10,Summer solstice,🌙,73%,-
image617,Jellyfish Swimming in Ocean,hiddenhands,"Siwa Oasis, Egypt",kitchen table,11,The hottest day of the year,☀️,100%,-
image618,Beetle Bug,-,"Acre, Israel",under the old oak tree,15,31/12/07,🌙,59%,-
image619,Book with Teeth,voidsketch,"Masada, Israel",museum hallway,33,One rainy afternoon,🌙,95%,-
image620,Shape of Cats,pale_ink,"Fez, Morocco",airport lounge,36,The festival weekend,🍝,76%,-
image621,Eye and Bird,midnightbrush,"Fez, Morocco",train window seat,22,On my sister's wedding day,☕,57%,-
image622,Knight Riding a Horse,pixelnomad,"Zanzibar, Tanzania",bus seat,7,21/09/99,🌙,68%,-
image623,House on Top of Cliff,#unknown,"Folegandros, Greece",riverbank,20,First snow of 2012,🍝,58%,-
image624,Bouquet in Orange and Yellow,#forgotten,"Caesarea, Israel",backstage dressing room,25,Autumn equinox,-,84%,-
image625,Various Types of Shells,lumenveil,"Prague, Czech Republic",museum hallway,33,Halloween night,☕,53%,-
image626,Color and Shape,lumenveil,"Jaffa, Israel",bus seat,7,During the blackout,☀️,75%,-
image627,Two Men in Armor Standing,#lostfound,"Eilat, Israel",bridge at dusk,31,Middle of summer,🍷,96%,-
image628,Two Naked Women in Black,hiddenhands,"New York, USA",under the old oak tree,15,First snow of 2012,-,73%,-
image629,Head of an Owl,silent_form,"Athens, Greece",abandoned warehouse,17,Winter of '98,-,89%,-
image630,"Color, Shape, and Form",shade_studio,"Jaffa, Israel",on the rooftop,37,Midsummer night,🍝,83%,-
image631,Two Cell Phones and Cat,hiddenhands,"Dead Sea, Israel",candlelit room,24,Midnight in April,☕,88%,-
image632,Rubber Stamp with Fish,#fragmented,"Hoi An, Vietnam",secluded garden,23,New Year's Eve 2010,🌙,-,Made it while microdosing and laying on the grass near a supermarket
image633,Man Walking in Snow,midnightbrush,"Cusco, Peru",library window,30,Winter break,☀️,86%,-
image634,Pep Plant with Words “You”,#unknown,"Mitzpe Ramon, Israel",seashore rocks,27,The day the power went out,☕,62%,-
image635,Two Hedgehogs with Flowers,silent_form,"Toronto, Canada",mountain lookout,19,Winter break,🍷,57%,-
image636,Large Bird,pale_ink,"New Orleans, USA",laundromat corner,29,Midsummer night,🌙,82%,-
image637,Black and White Dead,dusk_drawer,"Acre, Israel",by the fireplace,13,One rainy afternoon,☕,84%,-
image638,Red Fruits Hanging,voidsketch,"Ubud, Indonesia",school hallway,5,Summer solstice,☀️,60%,-
image639,"Flowers, Birds, Butterflies, and Leaves",#forgotten,"Tiberias, Israel",train window seat,22,Night of the eclipse,🍷,56%,-
image64,Two Lemons in Water,#fragmented,"Kibbutz Ein Gedi, Israel",beach,3,First week of college,🍷,95%,-
image640,"Bridge, Trees, and Train",hiddenhands,"Marrakesh, Morocco",train window seat,22,Midsummer night,🌙,85%,-
image641,Variety of Frogs and Toads,pixelnomad,"Hallstatt, Austria",bus seat,7,Summer solstice,-,-,-
image642,Concept: I Don’t,dusk_drawer,"Montreal, Canada",-,1,Worst birthday I've ever had,☀️,72%,-
image643,Woman Standing in Front of Bed,#fragmented,"Takayama, Japan",airport lounge,36,New Year's Eve 2010,🍷,84%,-
image644,Pencil Drawing of Cow’s Head,dusk_drawer,"Rosh Hanikra, Israel",train window seat,22,Midsummer night,☕,83%,-
image645,Pansy Flower,shade_studio,"Nazareth, Israel",laundromat corner,29,First snow of 2012,-,-,-
image646,Young Girl Using Computer,inktrace,"Venice, Italy",on the rooftop,37,Worst birthday I've ever had,🍝,72%,-
image647,Fish with Word “Tunwritten”,shade_studio,"Zanzibar, Tanzania",school hallway,5,The day the power went out,🍝,95%,-
image648,Woman in Bikini,pale_ink,"Caesarea, Israel",toilet,2,New Year's Eve 2010,🍷,52%,-
image649,Floral Design with Animal,#unknown,"Haifa, Israel",park bench,4,Full moon in March,🍷,90%,-
image65,Man and Woman in Desert,#unknown,"Lamu, Kenya",dockside pier,34,Midsummer night,🍝,74%,-
image650,"Bug, Butterfly, and Insect",moonframe,"Oaxaca, Mexico",hotel balcony,28,Autumn equinox,☕,98%,-
image651,Colorful Cityscape with Skyscrapers,ghostline,"Hallstatt, Austria",park bench,4,04/07/11,-,82%,-
image652,Man Floating in Air,midnightbrush,"Samarkand, Uzbekistan",beach,3,Middle of summer,🌙,98%,-
image653,Herd of Sheep Glowing,lumenveil,"Berlin, Germany",bus seat,7,Third week of lockdown,🌙,86%,-
image654,Collie Wearing Sunglasses,#lostfound,"Budapest, Hungary",library window,30,An endless Sunday,☀️,97%,-
image655,Crab with Words “Innocence”,pixelnomad,"Caesarea, Israel",attic room,12,The hottest day of the year,🍝,67%,-
image656,Island Waterfall with People,lumenveil,"Sapa, Vietnam",hotel balcony,28,The festival weekend,-,63%,-
image657,Two Birds and a Green Heron,moonframe,"Barcelona, Spain",bridge at dusk,31,After the last train,☕,55%,-
image658,Green Beetle,hiddenhands,"Luang Prabang, Laos",rain-soaked café,16,On my sister's wedding day,🍝,52%,Sketched on a napkin during lunch break
image659,Person Riding Bicycle Downhill,#wandering,"Lamu, Kenya",secluded garden,23,One rainy afternoon,🍝,57%,-
image66,Group of Different People,moonframe,"Amsterdam, Netherlands",during traffic in my car,10,Just before sunrise,☀️,80%,-
image660,Variety of Fruits and Vegetables,pixelnomad,"Venice, Italy",market square,21,-,🍷,72%,Made this after too much coffee at 3 a.m.
image661,Various Types of Fish,#unseen,"Reykjavík, Iceland",empty classroom,32,31/12/07,☀️,65%,-
image662,Group of Vehicles in City,shade_studio,"Jaffa, Israel",desert roadside,18,One rainy afternoon,🍝,55%,-
image663,Words: “Better Faggot Than Fascist”,nameless_one,"Vancouver, Canada",on the rooftop,37,Middle of summer,-,94%,-
image664,"Pansies, Daffodils, Irises, and Others",nameless_one,"Valparaíso, Chile",hidden alleyway,26,My last day at work,🍝,83%,-
image665,Relationship Between Shrimp,hiddenhands,"Toronto, Canada",museum hallway,33,The festival weekend,☕,70%,-
image666,Blue and Red Swirls,#artifact,"Rome, Italy",hidden alleyway,26,Midsummer night,-,64%,-
image667,Bird with Bread in Its Beak,anon,"Tel Aviv, Israel",forest clearing,35,Night of the eclipse,🍝,82%,-
image668,Three Blueberries on Branch,#fragmented,"Jerusalem, Israel",backstage dressing room,25,The festival weekend,-,88%,-
image669,Two Pink Butterflies and Blue,#wandering,"Chefchaouen, Morocco",candlelit room,24,15/05/23,🍷,59%,-
image67,Rocks and Water,#unseen,"Eilat, Israel",during traffic in my car,10,Early spring 2005,☕,86%,-
image670,Fish Sticker with Angry Face,#fragmented,"Mitzpe Ramon, Israel",bar counter,9,Night of the eclipse,☀️,-,-
image671,Variety of Animals Including Giraffe,midnightbrush,"Haifa, Israel",backstage dressing room,25,The day the power went out,🌙,69%,Took ideas from a stranger's conversation at the café
image672,Four Leaves in Blue,-,"Athens, Greece",museum hallway,33,Early morning in August,🍷,84%,-
image673,Butterfly with Pink Flowers,-,"Kyoto, Japan",-,1,The day the power went out,-,51%,-
image674,Angelfish and Swordfish,inktrace,"Sapa, Vietnam",toilet,2,First week of college,🌙,87%,-
image675,"Mountains, Trees, and River",hiddenhands,"Athens, Greece",empty classroom,32,First week of college,🌙,87%,-
image676,Fish with Stars,anon,"Takayama, Japan",market square,21,Worst birthday I've ever had,🍷,79%,-
image677,Woman with Dreadlocks,voidsketch,"Takayama, Japan",rain-soaked café,16,04/07/11,🍝,83%,-
image678,Person in the Woods,inktrace,"Nara, Japan",beach,3,Summer solstice,🍝,-,-
image679,Color and Shape,#artifact,"Acre, Israel",toilet,2,Before the big storm,🍷,52%,-
image680,Woman in White Dress Standing,#forgotten,"Zanzibar, Tanzania",-,1,Middle of summer,🌙,63%,-
image681,"Pigeons, Doves, and Others",#unknown,"Reykjavík, Iceland",airport lounge,36,The day we met,☀️,90%,-
image682,Pomegranate,lumenveil,"Eilat, Israel",park bench,4,Midnight in April,🌙,64%,-
image683,"Scissors, Glue, and Paint",dusk_drawer,"Luang Prabang, Laos",on the rooftop,37,Blue hour in January,🌙,57%,-
image684,Man Sitting on Park Bench,moonframe,"San Francisco, USA",bar counter,9,Before the big storm,-,56%,-
image685,Woman Knitting on Couch,midnightbrush,"Sapa, Vietnam",train window seat,22,The day the power went out,☀️,65%,-
image686,Woman Tied Up with Red Rope,-,"Luang Prabang, Laos",market square,21,During the blackout,🍝,94%,-
image687,Three Pool Balls with Numbers,nameless_one,"Tiberias, Israel",secluded garden,23,Just before sunrise,🌙,78%,-
image688,Scorpion Insect,hiddenhands,"Samarkand, Uzbekistan",school hallway,5,Blue hour in January,☀️,60%,-
image689,Jellyfish with Stars,#wandering,"Tel Aviv, Israel",kitchen table,11,Worst birthday I've ever had,🍝,73%,-
image690,Tray of Pastries and Cup,inktrace,"New York, USA",library window,30,04/07/11,-,59%,-
image691,Woman Sitting on Floor,voidsketch,"Haifa, Israel",metro station,8,The hottest day of the year,🍷,64%,-
image692,"Two Fish, One Blue",ghostline,"Fez, Morocco",hotel balcony,28,Halloween night,☀️,66%,-
image693,Bunny Rabbit Standing Next,#wandering,"Hallstatt, Austria",mountain lookout,19,Full moon in March,☕,72%,-
image694,Two Birds and Stork,silent_form,"Kathmandu, Nepal",attic room,12,My last day at work,🌙,52%,-
image695,Castle in the Middle,ghostline,"Zanzibar, Tanzania",train window seat,22,After the last train,-,84%,-
image696,Shadow of Fish,moonframe,"Caesarea, Israel",in bed at midnight,38,First week of college,🌙,55%,-
image697,Cat and Caterpillar,pale_ink,"Samarkand, Uzbekistan",museum hallway,33,Day after graduation,-,52%,-
image698,Conch Shell,#unseen,"Folegandros, Greece",desert roadside,18,Day after graduation,☀️,91%,Created while lying on the floor looking at the ceiling
image699,Words: “Try Again”,ghostline,"San Francisco, USA",balcony at sunset,14,Just before sunrise,🌙,89%,-
image7,Old Building with Ladder,#wandering,"Caesarea, Israel",forest clearing,35,21/09/99,☀️,56%,-
image700,Strawberry Plant with Strawberries,#artifact,"Vancouver, Canada",secluded garden,23,Early morning in August,☕,84%,-
image701,Two Bugs with Words,#unknown,"Valparaíso, Chile",by the fireplace,13,Early spring 2005,☕,70%,-
image702,Words: “Everything You Married”,shade_studio,"Rome, Italy",bridge at dusk,31,Worst birthday I've ever had,-,57%,-
image703,Yellow and Black Tiger,#lostfound,"Chefchaouen, Morocco",hidden alleyway,26,The day the power went out,🍝,71%,-
image704,Striped Underwear in Purple,voidsketch,"Kibbutz Ein Gedi, Israel",forest clearing,35,Autumn equinox,🍝,89%,-
image705,Black and White Woman,#fragmented,"Lisbon, Portugal",kitchen table,11,04/07/11,☀️,72%,-
image706,Penguin Wearing Birthday Hat,#unknown,"Marrakesh, Morocco",park bench,4,Winter of '98,🍝,83%,-
image707,Penguin Wearing Suit and Tie,nameless_one,"Pingyao, China",school hallway,5,First week of college,-,82%,-
image708,Chinese Zodiac Animal Cat,inktrace,"Lamu, Kenya",seashore rocks,27,The day the power went out,☕,63%,-
image72,Blue and Gold Floral Pattern,shade_studio,"Budapest, Hungary",abandoned warehouse,17,21/09/99,🌙,56%,-
image73,Yellow Sun Shining Through,#fragmented,"Reykjavík, Iceland",toilet,2,An endless Sunday,☕,-,-
image74,Tree in Foreground,pale_ink,"Jaffa, Israel",dockside pier,34,First week of college,🌙,96%,-
image77,Mushroom with Smiley Face,lumenveil,"Takayama, Japan",hidden alleyway,26,New Year's Eve 2010,☕,100%,-
image78,Different Types of Letters,pixelnomad,"Acre, Israel",secluded garden,23,21/09/99,-,-,-
image79,Circle of Rocks Suspended,#wandering,"Montreal, Canada",balcony at sunset,14,My last day at work,☕,53%,-
image8,Collage,hiddenhands,"Montreal, Canada",toilet,2,Halloween night,☕,59%,-
image80,Different Types of Labyrinths,voidsketch,"Kibbutz Ein Gedi, Israel",kitchen table,11,Summer solstice,☀️,89%,-
image82,Blue and White Circle,nameless_one,"Rosh Hanikra, Israel",museum hallway,33,Winter break,-,97%,I did this while microdosing and laying on the grass near a supermarket
image86,Man Riding Bicycle,#forgotten,"Prague, Czech Republic",by the fireplace,13,-,☀️,-,-
image9,Man in Costume,dusk_drawer,"Tel Aviv, Israel",metro station,8,First snow of 2012,-,97%,-
image92,Woman Getting Her Makeup Done,#fragmented,"Lisbon, Portugal",park bench,4,The festival weekend,🍷,51%,-
image95,"Trees, Grass, and Field",silent_form,"Tiberias, Israel",library window,30,Day after graduation,🍷,88%,-
image96,Variety of Colorful Flowers,shade_studio,"Nazareth, Israel",airport lounge,36,Before the big storm,🍝,-,This happened after I spilled ink and decided to go with it
image97,Open Book with Pen,#forgotten,"Montreal, Canada",bar counter,9,Midsummer night,🌙,80%,-
image98,Pair of Shoes,#unknown,"Cusco, Peru",during traffic in my car,10,21/09/99,-,67%,-
image99,Green Moth in Blue,#unseen,"Jaffa, Israel",park bench,4,An endless Sunday,☀️,74%,-